"component","origin","license","copyright"
"@aws-cdk/asset-awscli-v1","@aws-cdk/asset-awscli-v1","['Apache-2.0']","[' Copyright (c) 2006-2016 Kirill Simonov', ' Copyright (c) 2008-2020 Andrey Petrov and contributors', ' Copyright (c) 2010 Jonathan Hartley', ' Copyright (c) 2010-2024 Benjamin Peterson', ' Copyright (c) 2013 Amazon.com', ' Copyright (c) 2016 Maxim Biro', ' Copyright (c) 2017-2021 Ingy', ' Copyright 2001-2020 David Goodger', ' Copyright 2003-2011 Gustavo Niemeyer <gustavo@niemeyer.net>', ' Copyright 2005-2013', ' Copyright 2012-2020 Amazon.com', ' Copyright 2012-2020 Kenneth Reitz - Requests GitHub (https://github.com/psf/requests)', ' Copyright 2017- Paul Ganssle <paul@ganssle.io>', ' Copyright Amazon.com', ' Dirk Jesse', ' Ilya Etingof <etingof@gmail.com>', ' Inc.', ' Inc. or its affiliates', 'Copyright (c) 2005-2020']"
"@aws-cdk/asset-node-proxy-agent-v6","@aws-cdk/asset-node-proxy-agent-v6","['Apache-2.0']","[' Inc. or its affiliates', 'Copyright Amazon.com']"
"@aws-cdk/cloud-assembly-schema","@aws-cdk/cloud-assembly-schema","['Apache-2.0']","['Copyright 2018-2025 Amazon.com, Inc. or its affiliates. All Rights Reserved.']"
"@aws-crypto/crc32","git+ssh://git@github.com/aws/aws-sdk-js-crypto-helpers.git","['Apache-2.0']","[' Copyright Amazon.com Inc. or its affiliates. All Rights Reserved.', 'Copyright Amazon.com Inc. or its affiliates']"
"@aws-crypto/crc32c","@aws-crypto/crc32c","['Apache-2.0']","[' Copyright Amazon.com Inc. or its affiliates. All Rights Reserved.', 'Copyright Amazon.com Inc. or its affiliates']"
"@aws-crypto/sha1-browser","@aws-crypto/sha1-browser","['Apache-2.0']","['Copyright 2018 Amazon.com, Inc. or its affiliates. All Rights Reserved.']"
"@aws-crypto/sha256-browser","git+ssh://git@github.com/aws/aws-sdk-js-crypto-helpers.git","['Apache-2.0']","['AWS Crypto Tools Team']"
"@aws-crypto/sha256-js","git+ssh://git@github.com/aws/aws-sdk-js-crypto-helpers.git","['Apache-2.0']","['AWS Crypto Tools Team']"
"@aws-crypto/supports-web-crypto","git+ssh://git@github.com/aws/aws-sdk-js-crypto-helpers.git","['Apache-2.0']","['AWS Crypto Tools Team']"
"@aws-crypto/util","git+ssh://git@github.com/aws/aws-sdk-js-crypto-helpers.git","['Apache-2.0']","[' Copyright Amazon.com Inc. or its affiliates. All Rights Reserved.', 'Copyright Amazon.com Inc. or its affiliates']"
"@aws-sdk/client-cloudwatch-logs","git+https://github.com/aws/aws-sdk-js-v3.git","['Apache-2.0']","['AWS SDK for JavaScript Team']"
"@aws-sdk/client-cognito-identity","git+https://github.com/aws/aws-sdk-js-v3.git","['Apache-2.0']","[' Inc. or its affiliates', 'Copyright 2018-2020 Amazon.com']"
"@aws-sdk/client-lambda","git+https://github.com/aws/aws-sdk-js-v3.git","['Apache-2.0']","[' Inc. or its affiliates', 'Copyright 2018-2020 Amazon.com']"
"@aws-sdk/client-resource-groups-tagging-api","@aws-sdk/client-resource-groups-tagging-api","['Apache-2.0']","['Copyright 2018-2020 Amazon.com, Inc. or its affiliates. All Rights Reserved.']"
"@aws-sdk/client-s3","@aws-sdk/client-s3","['Apache-2.0']","['Copyright 2018-2020 Amazon.com, Inc. or its affiliates. All Rights Reserved.']"
"@aws-sdk/client-secrets-manager","@aws-sdk/client-secrets-manager","['Apache-2.0']","['Copyright 2018-2020 Amazon.com, Inc. or its affiliates. All Rights Reserved.']"
"@aws-sdk/client-sso","git+https://github.com/aws/aws-sdk-js-v3.git","['Apache-2.0']","[' Inc. or its affiliates', 'Copyright 2018-2020 Amazon.com']"
"@aws-sdk/core","git+https://github.com/aws/aws-sdk-js-v3.git","['Apache-2.0']","['AWS SDK for JavaScript Team']"
"@aws-sdk/credential-provider-cognito-identity","git+https://github.com/aws/aws-sdk-js-v3.git","['Apache-2.0']","[' Inc. or its affiliates', 'Copyright 2018-2020 Amazon.com']"
"@aws-sdk/credential-provider-env","git+https://github.com/aws/aws-sdk-js-v3.git","['Apache-2.0']","[' Inc. or its affiliates', 'Copyright 2018-2020 Amazon.com']"
"@aws-sdk/credential-provider-http","git+https://github.com/aws/aws-sdk-js-v3.git","['Apache-2.0']","['AWS SDK for JavaScript Team']"
"@aws-sdk/credential-provider-ini","git+https://github.com/aws/aws-sdk-js-v3.git","['Apache-2.0']","[' Inc. or its affiliates', 'Copyright 2018-2020 Amazon.com']"
"@aws-sdk/credential-provider-node","git+https://github.com/aws/aws-sdk-js-v3.git","['Apache-2.0']","[' Inc. or its affiliates', 'Copyright 2018-2020 Amazon.com']"
"@aws-sdk/credential-provider-process","git+https://github.com/aws/aws-sdk-js-v3.git","['Apache-2.0']","[' Inc. or its affiliates', 'Copyright 2019 Amazon.com']"
"@aws-sdk/credential-provider-sso","git+https://github.com/aws/aws-sdk-js-v3.git","['Apache-2.0']","[' Inc. or its affiliates', 'Copyright 2019 Amazon.com']"
"@aws-sdk/credential-provider-web-identity","git+https://github.com/aws/aws-sdk-js-v3.git","['Apache-2.0']","[' Inc. or its affiliates', 'Copyright 2019 Amazon.com']"
"@aws-sdk/credential-providers","git+https://github.com/aws/aws-sdk-js-v3.git","['Apache-2.0']","[' Inc. or its affiliates', 'Copyright 2018-2020 Amazon.com']"
"@aws-sdk/middleware-bucket-endpoint","@aws-sdk/middleware-bucket-endpoint","['Apache-2.0']","['Copyright 2018-2020 Amazon.com, Inc. or its affiliates. All Rights Reserved.']"
"@aws-sdk/middleware-expect-continue","@aws-sdk/middleware-expect-continue","['Apache-2.0']","['Copyright 2018-2020 Amazon.com, Inc. or its affiliates. All Rights Reserved.']"
"@aws-sdk/middleware-flexible-checksums","@aws-sdk/middleware-flexible-checksums","['Apache-2.0']","['Copyright 2018-2020 Amazon.com, Inc. or its affiliates. All Rights Reserved.']"
"@aws-sdk/middleware-host-header","git+https://github.com/aws/aws-sdk-js-v3.git","['Apache-2.0']","[' Inc. or its affiliates', 'Copyright 2019 Amazon.com']"
"@aws-sdk/middleware-location-constraint","@aws-sdk/middleware-location-constraint","['Apache-2.0']","['Copyright 2018-2020 Amazon.com, Inc. or its affiliates. All Rights Reserved.']"
"@aws-sdk/middleware-logger","git+https://github.com/aws/aws-sdk-js-v3.git","['Apache-2.0']","[' Inc. or its affiliates', 'Copyright 2020 Amazon.com']"
"@aws-sdk/middleware-recursion-detection","git+https://github.com/aws/aws-sdk-js-v3.git","['Apache-2.0']","[' Inc. or its affiliates', 'Copyright 2019 Amazon.com']"
"@aws-sdk/middleware-sdk-s3","@aws-sdk/middleware-sdk-s3","['Apache-2.0']","['Copyright 2018-2020 Amazon.com, Inc. or its affiliates. All Rights Reserved.']"
"@aws-sdk/middleware-ssec","@aws-sdk/middleware-ssec","['Apache-2.0']","['Copyright 2018-2020 Amazon.com, Inc. or its affiliates. All Rights Reserved.']"
"@aws-sdk/middleware-user-agent","git+https://github.com/aws/aws-sdk-js-v3.git","['Apache-2.0']","[' Inc. or its affiliates', 'Copyright 2019 Amazon.com']"
"@aws-sdk/nested-clients","git+https://github.com/aws/aws-sdk-js-v3.git","['Apache-2.0']","['AWS SDK for JavaScript Team']"
"@aws-sdk/region-config-resolver","git+https://github.com/aws/aws-sdk-js-v3.git","['Apache-2.0']","[' Inc. or its affiliates', 'Copyright 2018-2020 Amazon.com']"
"@aws-sdk/s3-request-presigner","@aws-sdk/s3-request-presigner","['Apache-2.0']","['Copyright 2019 Amazon.com, Inc. or its affiliates. All Rights Reserved.']"
"@aws-sdk/signature-v4-multi-region","@aws-sdk/signature-v4-multi-region","['Apache-2.0']","['Copyright 2018-2020 Amazon.com, Inc. or its affiliates. All Rights Reserved.']"
"@aws-sdk/token-providers","git+https://github.com/aws/aws-sdk-js-v3.git","['Apache-2.0']","[' Inc. or its affiliates', 'Copyright 2018-2020 Amazon.com']"
"@aws-sdk/types","git+https://github.com/aws/aws-sdk-js-v3.git","['Apache-2.0']","[' Inc. or its affiliates', 'Copyright 2018-2020 Amazon.com']"
"@aws-sdk/util-arn-parser","@aws-sdk/util-arn-parser","['Apache-2.0']","['Copyright 2018-2020 Amazon.com, Inc. or its affiliates. All Rights Reserved.']"
"@aws-sdk/util-endpoints","git+https://github.com/aws/aws-sdk-js-v3.git","['Apache-2.0']","[' Inc. or its affiliates', 'Copyright 2018-2020 Amazon.com']"
"@aws-sdk/util-format-url","@aws-sdk/util-format-url","['Apache-2.0']","['Copyright 2018-2020 Amazon.com, Inc. or its affiliates. All Rights Reserved.']"
"@aws-sdk/util-locate-window","git+https://github.com/aws/aws-sdk-js-v3.git","['Apache-2.0']","[' Inc. or its affiliates', 'Copyright 2018-2020 Amazon.com']"
"@aws-sdk/util-user-agent-browser","git+https://github.com/aws/aws-sdk-js-v3.git","['Apache-2.0']","[' Inc. or its affiliates', 'Copyright 2018-2020 Amazon.com']"
"@aws-sdk/util-user-agent-node","git+https://github.com/aws/aws-sdk-js-v3.git","['Apache-2.0']","[' Inc. or its affiliates', 'Copyright 2018-2020 Amazon.com']"
"@aws-sdk/xml-builder","git+https://github.com/aws/aws-sdk-js-v3.git","['Apache-2.0']","[' Inc. or its affiliates', 'Copyright 2018-2020 Amazon.com']"
"@aws/lambda-invoke-store","git+https://github.com/awslabs/aws-lambda-invoke-store.git","['Apache-2.0']","['Amazon Web Services']"
"@babel/code-frame","@babel/code-frame","['MIT']","['Copyright (c) 2014-present Sebastian McKenzie and other contributors']"
"@babel/compat-data","@babel/compat-data","['MIT']","['Copyright (c) 2014-present Sebastian McKenzie and other contributors']"
"@babel/core","@babel/core","['MIT']","[' Copyright (c) 2021 Titus Wormer', ' Copyright Joyent', ' Copyright Node.js contributors', ' Inc. and other Node contributors', 'Copyright (c) 2014-present Sebastian McKenzie and other contributors']"
"@babel/generator","@babel/generator","['MIT']","['Copyright (c) 2014-present Sebastian McKenzie and other contributors']"
"@babel/helper-compilation-targets","@babel/helper-compilation-targets","['MIT']","['Copyright (c) 2014-present Sebastian McKenzie and other contributors']"
"@babel/helper-globals","@babel/helper-globals","['MIT']","['Copyright (c) 2014-present Sebastian McKenzie and other contributors']"
"@babel/helper-module-imports","@babel/helper-module-imports","['MIT']","['Copyright (c) 2014-present Sebastian McKenzie and other contributors']"
"@babel/helper-module-transforms","@babel/helper-module-transforms","['MIT']","['Copyright (c) 2014-present Sebastian McKenzie and other contributors']"
"@babel/helper-plugin-utils","@babel/helper-plugin-utils","['MIT']","['Copyright (c) 2014-present Sebastian McKenzie and other contributors']"
"@babel/helper-string-parser","@babel/helper-string-parser","['MIT']","['Copyright (c) 2014-present Sebastian McKenzie and other contributors']"
"@babel/helper-validator-identifier","@babel/helper-validator-identifier","['MIT']","['Copyright (c) 2014-present Sebastian McKenzie and other contributors']"
"@babel/helper-validator-option","@babel/helper-validator-option","['MIT']","['Copyright (c) 2014-present Sebastian McKenzie and other contributors']"
"@babel/helpers","@babel/helpers","['MIT']","[' Copyright (c) 2014-present', ' Facebook', ' Inc.', 'Copyright (c) 2014-present Sebastian McKenzie and other contributors']"
"@babel/parser","@babel/parser","['MIT']","['Copyright (c) 2012-2014 by various contributors']"
"@babel/plugin-syntax-async-generators","@babel/plugin-syntax-async-generators","['MIT']","['Copyright (c) 2014-present Sebastian McKenzie and other contributors']"
"@babel/plugin-syntax-bigint","@babel/plugin-syntax-bigint","['MIT']","['Copyright (c) 2014-present Sebastian McKenzie and other contributors']"
"@babel/plugin-syntax-class-properties","@babel/plugin-syntax-class-properties","['MIT']","['Copyright (c) 2014-present Sebastian McKenzie and other contributors']"
"@babel/plugin-syntax-class-static-block","@babel/plugin-syntax-class-static-block","['MIT']","['Copyright (c) 2014-present Sebastian McKenzie and other contributors']"
"@babel/plugin-syntax-import-attributes","@babel/plugin-syntax-import-attributes","['MIT']","['Copyright (c) 2014-present Sebastian McKenzie and other contributors']"
"@babel/plugin-syntax-import-meta","@babel/plugin-syntax-import-meta","['MIT']","['Copyright (c) 2014-present Sebastian McKenzie and other contributors']"
"@babel/plugin-syntax-json-strings","@babel/plugin-syntax-json-strings","['MIT']","['Copyright (c) 2014-present Sebastian McKenzie and other contributors']"
"@babel/plugin-syntax-jsx","@babel/plugin-syntax-jsx","['MIT']","['Copyright (c) 2014-present Sebastian McKenzie and other contributors']"
"@babel/plugin-syntax-logical-assignment-operators","@babel/plugin-syntax-logical-assignment-operators","['MIT']","['Copyright (c) 2014-present Sebastian McKenzie and other contributors']"
"@babel/plugin-syntax-nullish-coalescing-operator","@babel/plugin-syntax-nullish-coalescing-operator","['MIT']","['Copyright (c) 2014-present Sebastian McKenzie and other contributors']"
"@babel/plugin-syntax-numeric-separator","@babel/plugin-syntax-numeric-separator","['MIT']","['Copyright (c) 2014-present Sebastian McKenzie and other contributors']"
"@babel/plugin-syntax-object-rest-spread","@babel/plugin-syntax-object-rest-spread","['MIT']","['Copyright (c) 2014-present Sebastian McKenzie and other contributors']"
"@babel/plugin-syntax-optional-catch-binding","@babel/plugin-syntax-optional-catch-binding","['MIT']","['Copyright (c) 2014-present Sebastian McKenzie and other contributors']"
"@babel/plugin-syntax-optional-chaining","@babel/plugin-syntax-optional-chaining","['MIT']","['Copyright (c) 2014-present Sebastian McKenzie and other contributors']"
"@babel/plugin-syntax-private-property-in-object","@babel/plugin-syntax-private-property-in-object","['MIT']","['Copyright (c) 2014-present Sebastian McKenzie and other contributors']"
"@babel/plugin-syntax-top-level-await","@babel/plugin-syntax-top-level-await","['MIT']","['Copyright (c) 2014-present Sebastian McKenzie and other contributors']"
"@babel/plugin-syntax-typescript","@babel/plugin-syntax-typescript","['MIT']","['Copyright (c) 2014-present Sebastian McKenzie and other contributors']"
"@babel/template","@babel/template","['MIT']","['Copyright (c) 2014-present Sebastian McKenzie and other contributors']"
"@babel/traverse","@babel/traverse","['MIT']","['Copyright (c) 2014-present Sebastian McKenzie and other contributors']"
"@babel/types","@babel/types","['MIT']","['Copyright (c) 2014-present Sebastian McKenzie and other contributors']"
"@balena/dockerignore","@balena/dockerignore","['Apache-2.0']","[' Copyright 2018 Zeit', ' Copyright 2020 Balena Ltd.', ' Inc.', 'Copyright 2018 Zeit Inc.']"
"@bcoe/v8-coverage","@bcoe/v8-coverage","['ISC AND MIT']","[' Contributors', ' Copyright (c) 2017', 'Copyright (c) 2015-2017 Charles Samborski']"
"@datadog/datadog-api-client","@datadog/datadog-api-client","['Apache-2.0 AND BSD-2-Clause AND BSD-3-Clause AND MIT']","[' (c) 2012 Felix Geisendorfer (felix@debuggable.com) and contributors', ' (c) 2013 Tim Perry', ' (c) 2014 Blake Embrey (hello@blakeembrey.com)', ' (c) 2014 Yehuda Katz', ' (c) 2014-2017 Vitaly Puzrin and Andrei Tuputcyn', ' (c) 2015 Ben Mosher', ' (c) 2015 Sebastian Lenz', ' (c) 2015 Toru Nagashima', ' (c) 2016', ' (c) 2016-2018 dd-trace', ' (c) 2017 Chai.js Assertion', ' (c) 2017 Leonardo Quixada', ' (c) 2019 TypeScript ESLint and other contributors', ' (c) 2021 Beeno Tung (Tung Cheung Leong)', ' (c) 2021 Mikkel Holmer eslint', ' (c) Cucumber Ltd', ' (c) Facebook', ' (c) James Long and contributors', ' (c) Julien Biezemans and contributors', ' (c) Microsoft Corporation', ' 2018 Linus Unneback', ' Copyright (c) 2016-2021 TypeDoc Contributors', ' Copyright 2020-Present Datadog', ' Inc.', ' Inc. and its affiliates', ' Stefan Penner and contributors', ' Tom Dale', ' https://js.foundation', '(c) 2011-2019 Pedro Teixeira and other contributors', 'BSD-3-Clause', 'Copyright 2016-Present Datadog Inc.', 'Copyright JS Foundation and other contributors', 'MIT']"
"@datadog/datadog-ci-base","https://github.com/DataDog/datadog-ci.git","['Apache-2.0']","['Datadog, Inc.']"
"@datadog/datadog-ci-plugin-lambda","https://github.com/DataDog/datadog-ci.git","['Apache-2.0']","['Datadog, Inc.']"
"@emnapi/core","@emnapi/core","['MIT']","[' Copyright (c) Microsoft Corporation', 'Copyright (c) 2021-present Toyobayashi']"
"@emnapi/runtime","@emnapi/runtime","['MIT']","[' Copyright (c) Microsoft Corporation', 'Copyright (c) 2021-present Toyobayashi']"
"@emnapi/wasi-threads","@emnapi/wasi-threads","['MIT']","['Copyright (c) 2021-present Toyobayashi']"
"@eslint-community/eslint-utils","@eslint-community/eslint-utils","['MIT']","['Copyright (c) 2018 Toru Nagashima']"
"@eslint-community/regexpp","@eslint-community/regexpp","['MIT']","['Copyright (c) 2018 Toru Nagashima']"
"@eslint/config-array","@eslint/config-array","['Apache-2.0']","['Copyright 2018-2025 the Deno authors']"
"@eslint/config-helpers","@eslint/config-helpers","['Apache-2.0']","[""'Nicholas C. Zakas (https://github.com/eslint/rewrite/tree/main/packages/config-helpers#readme)""]"
"@eslint/core","@eslint/core","['Apache-2.0']","['Nicholas C. Zakas (https://github.com/eslint/rewrite/tree/main/packages/core#readme)']"
"@eslint/eslintrc","@eslint/eslintrc","['MIT']","[' <www.openjsf.org>', ' Copyright OpenJS Foundation and other contributors', 'Copyright (c) 2015-2017 Evgeny Poberezkin']"
"@eslint/js","@eslint/js","['MIT']","[' <www.openjsf.org>', 'Copyright OpenJS Foundation and other contributors']"
"@eslint/object-schema","@eslint/object-schema","['Apache-2.0']","['Nicholas C. Zakas (https://github.com/eslint/rewrite/tree/main/packages/object-schema#readme)']"
"@eslint/plugin-kit","@eslint/plugin-kit","['Apache-2.0']","['Nicholas C. Zakas (https://github.com/eslint/rewrite/tree/main/packages/plugin-kit#readme)']"
"@humanfs/core","@humanfs/core","['Apache-2.0']","['Nicholas C. Zakas (https://www.npmjs.com/package/@humanfs/core)']"
"@humanfs/node","@humanfs/node","['Apache-2.0']","['Nicholas C. Zakas (https://www.npmjs.com/package/@humanfs/node)']"
"@humanwhocodes/config-array","@humanwhocodes/config-array","['Apache-2.0']","['Nicholas C. Zakas (https://github.com/humanwhocodes/config-array)']"
"@humanwhocodes/module-importer","@humanwhocodes/module-importer","['Apache-2.0']","['Nicholas C. Zaks (https://github.com/humanwhocodes/module-importer)']"
"@humanwhocodes/object-schema","@humanwhocodes/object-schema","['BSD-3-Clause']","[' Human Who Codes', 'Copyright (c) 2019']"
"@humanwhocodes/retry","@humanwhocodes/retry","['Apache-2.0']","[' Ben Noordhuis', ' and Contributors', 'Copyright (c) 2011-2023 Isaac Z. Schlueter']"
"@inquirer/external-editor","https://github.com/SBoudrias/Inquirer.js.git","['MIT']","[' Copyright (c) 2025 Simon Boudrias (twitter @vaxilart (https://twitter.com/Vaxilart))', 'Copyright (c) 2025 Simon Boudrias']"
"@isaacs/cliui","git+https://github.com/yargs/cliui.git","['ISC']","[' Contributors', 'Copyright (c) 2015']"
"@istanbuljs/load-nyc-config","@istanbuljs/load-nyc-config","['ISC']","[' Contributors', 'Copyright (c) 2019']"
"@istanbuljs/schema","@istanbuljs/schema","['MIT']","[' LLC', 'Copyright (c) 2019 CFWare']"
"@jest/console","@jest/console","['MIT']","[' Inc. and affiliates', 'Copyright (c) Meta Platforms']"
"@jest/core","@jest/core","['MIT']","[' Inc. and affiliates', 'Copyright (c) Meta Platforms']"
"@jest/diff-sequences","@jest/diff-sequences","['MIT']","[' Inc. and affiliates', 'Copyright (c) Meta Platforms']"
"@jest/environment","@jest/environment","['MIT']","[' Inc. and affiliates', 'Copyright (c) Meta Platforms']"
"@jest/expect","@jest/expect","['MIT']","[' Inc. and affiliates', 'Copyright (c) Meta Platforms']"
"@jest/expect-utils","@jest/expect-utils","['MIT']","[' Copyright (c) Meta Platforms', ' Inc. and affiliates', 'Copyright (c) 2008-2016 Pivotal Labs']"
"@jest/fake-timers","@jest/fake-timers","['MIT']","[' Inc. and affiliates', 'Copyright (c) Meta Platforms']"
"@jest/get-type","@jest/get-type","['MIT']","[' Inc. and affiliates', 'Copyright (c) Meta Platforms']"
"@jest/globals","@jest/globals","['MIT']","['Copyright (c) Meta Platforms, Inc. and affiliates.', 'Copyright Contributors to the Jest project.']"
"@jest/pattern","@jest/pattern","['MIT']","[' Inc. and affiliates', 'Copyright (c) Meta Platforms']"
"@jest/reporters","@jest/reporters","['MIT']","[' Inc. and affiliates', 'Copyright (c) Meta Platforms']"
"@jest/schemas","@jest/schemas","['MIT']","[' Inc. and affiliates', 'Copyright (c) Meta Platforms']"
"@jest/snapshot-utils","@jest/snapshot-utils","['MIT']","[' Inc. and affiliates', 'Copyright (c) Meta Platforms']"
"@jest/source-map","@jest/source-map","['MIT']","[' Inc. and affiliates', 'Copyright (c) Meta Platforms']"
"@jest/test-result","@jest/test-result","['MIT']","[' Inc. and affiliates', 'Copyright (c) Meta Platforms']"
"@jest/test-sequencer","@jest/test-sequencer","['MIT']","[' Inc. and affiliates', 'Copyright (c) Meta Platforms']"
"@jest/transform","@jest/transform","['MIT']","[' Inc. and affiliates', 'Copyright (c) Meta Platforms']"
"@jest/types","@jest/types","['MIT']","[' Inc. and affiliates', 'Copyright (c) Meta Platforms']"
"@jridgewell/gen-mapping","@jridgewell/gen-mapping","['MIT']","['Copyright 2024 Justin Ridgewell <justin@ridgewell.name>']"
"@jridgewell/remapping","@jridgewell/remapping","['MIT']","['Copyright 2024 Justin Ridgewell <justin@ridgewell.name>']"
"@jridgewell/resolve-uri","@jridgewell/resolve-uri","['MIT']","['Copyright 2019 Justin Ridgewell <jridgewell@google.com>']"
"@jridgewell/sourcemap-codec","@jridgewell/sourcemap-codec","['MIT']","['Copyright 2024 Justin Ridgewell <justin@ridgewell.name>']"
"@jridgewell/trace-mapping","@jridgewell/trace-mapping","['MIT']","['Copyright 2024 Justin Ridgewell <justin@ridgewell.name>']"
"@kwsites/file-exists","git+ssh://git@github.com/kwsites/file-exists.git","['MIT']","['Copyright (c) 2015 Steve King']"
"@kwsites/promise-deferred","git://github.com/kwsites/promise-deferred.git","['MIT']","['Copyright (c) 2018 kwsites']"
"@napi-rs/wasm-runtime","@napi-rs/wasm-runtime","['MIT']","[' Copyright (c) 2020-present LongYinan', ' Copyright (c) Microsoft Corporation', ' Copyright Joyent', ' Inc. and other Node contributors', 'Copyright (c) 2018 GitHub']"
"@nodelib/fs.scandir","@nodelib/fs.scandir","['MIT']","['Copyright (c) Denis Malinochkin']"
"@nodelib/fs.stat","@nodelib/fs.stat","['MIT']","['Copyright (c) Denis Malinochkin']"
"@nodelib/fs.walk","@nodelib/fs.walk","['MIT']","['Copyright (c) Denis Malinochkin']"
"@pkgjs/parseargs","@pkgjs/parseargs","['Apache-2.0 AND MIT']","['Copyright Node.js contributors']"
"@pkgr/core","@pkgr/core","['MIT']","['Copyright (c) 2019 JounQin/UnTS']"
"@sinclair/typebox","@sinclair/typebox","['MIT']","[' Copyright (c) 2017-2023 Haydn Paterson (sinclair) <haydn.developer@gmail.com>', 'Copyright (c) 2017-2023 Haydn Paterson']"
"@sinonjs/commons","@sinonjs/commons","['BSD-3-Clause']","[' Sinon.JS', 'Copyright (c) 2018']"
"@sinonjs/fake-timers","@sinonjs/fake-timers","['BSD-3-Clause']","[' Christian Johansen', ' christian@cjohansen.no', 'Copyright (c) 2010-2014']"
"@smithy/abort-controller","git+https://github.com/smithy-lang/smithy-typescript.git","['Apache-2.0']","[' Inc. or its affiliates', 'Copyright 2018-2020 Amazon.com']"
"@smithy/chunked-blob-reader","@smithy/chunked-blob-reader","['Apache-2.0']","['AWS SDK for JavaScript Team']"
"@smithy/chunked-blob-reader-native","@smithy/chunked-blob-reader-native","['Apache-2.0']","['AWS SDK for JavaScript Team']"
"@smithy/config-resolver","git+https://github.com/smithy-lang/smithy-typescript.git","['Apache-2.0']","[' Inc. or its affiliates', 'Copyright 2018-2020 Amazon.com']"
"@smithy/core","git+https://github.com/smithy-lang/smithy-typescript.git","['Apache-2.0']","[' Inc. or its affiliates', 'Copyright 2019 Amazon.com']"
"@smithy/credential-provider-imds","git+https://github.com/smithy-lang/smithy-typescript.git","['Apache-2.0']","[' Inc. or its affiliates', 'Copyright 2018-2020 Amazon.com']"
"@smithy/eventstream-codec","git+https://github.com/smithy-lang/smithy-typescript.git","['Apache-2.0']","[' Inc. or its affiliates', 'Copyright 2018-2020 Amazon.com']"
"@smithy/eventstream-serde-browser","git+https://github.com/smithy-lang/smithy-typescript.git","['Apache-2.0']","[' Inc. or its affiliates', 'Copyright 2019 Amazon.com']"
"@smithy/eventstream-serde-config-resolver","git+https://github.com/smithy-lang/smithy-typescript.git","['Apache-2.0']","[' Inc. or its affiliates', 'Copyright 2019 Amazon.com']"
"@smithy/eventstream-serde-node","git+https://github.com/smithy-lang/smithy-typescript.git","['Apache-2.0']","[' Inc. or its affiliates', 'Copyright 2019 Amazon.com']"
"@smithy/eventstream-serde-universal","git+https://github.com/smithy-lang/smithy-typescript.git","['Apache-2.0']","[' Inc. or its affiliates', 'Copyright 2019 Amazon.com']"
"@smithy/fetch-http-handler","git+https://github.com/smithy-lang/smithy-typescript.git","['Apache-2.0']","[' Inc. or its affiliates', 'Copyright 2018-2020 Amazon.com']"
"@smithy/hash-blob-browser","@smithy/hash-blob-browser","['Apache-2.0']","['AWS SDK for JavaScript Team']"
"@smithy/hash-node","git+https://github.com/smithy-lang/smithy-typescript.git","['Apache-2.0']","[' Inc. or its affiliates', 'Copyright 2018-2020 Amazon.com']"
"@smithy/hash-stream-node","@smithy/hash-stream-node","['Apache-2.0']","['AWS SDK for JavaScript Team']"
"@smithy/invalid-dependency","git+https://github.com/smithy-lang/smithy-typescript.git","['Apache-2.0']","[' Inc. or its affiliates', 'Copyright 2019 Amazon.com']"
"@smithy/is-array-buffer","git+https://github.com/smithy-lang/smithy-typescript.git","['Apache-2.0']","[' Inc. or its affiliates', 'Copyright 2018-2020 Amazon.com']"
"@smithy/md5-js","@smithy/md5-js","['Apache-2.0']","['AWS SDK for JavaScript Team']"
"@smithy/middleware-content-length","git+https://github.com/smithy-lang/smithy-typescript.git","['Apache-2.0']","[' Inc. or its affiliates', 'Copyright 2018-2020 Amazon.com']"
"@smithy/middleware-endpoint","git+https://github.com/smithy-lang/smithy-typescript.git","['Apache-2.0']","[' Inc. or its affiliates', 'Copyright 2018-2020 Amazon.com']"
"@smithy/middleware-retry","git+https://github.com/smithy-lang/smithy-typescript.git","['Apache-2.0']","[' Inc. or its affiliates', 'Copyright 2018-2020 Amazon.com']"
"@smithy/middleware-serde","git+https://github.com/smithy-lang/smithy-typescript.git","['Apache-2.0']","[' Inc. or its affiliates', 'Copyright 2019 Amazon.com']"
"@smithy/middleware-stack","git+https://github.com/smithy-lang/smithy-typescript.git","['Apache-2.0']","[' Inc. or its affiliates', 'Copyright 2018-2020 Amazon.com']"
"@smithy/node-config-provider","git+https://github.com/smithy-lang/smithy-typescript.git","['Apache-2.0']","[' Inc. or its affiliates', 'Copyright 2020 Amazon.com']"
"@smithy/node-http-handler","git+https://github.com/smithy-lang/smithy-typescript.git","['Apache-2.0']","[' Inc. or its affiliates', 'Copyright 2018-2020 Amazon.com']"
"@smithy/property-provider","git+https://github.com/awslabs/smithy-typescript.git","['Apache-2.0']","[' Inc. or its affiliates', 'Copyright 2018-2020 Amazon.com']"
"@smithy/protocol-http","git+https://github.com/smithy-lang/smithy-typescript.git","['Apache-2.0']","[' Inc. or its affiliates', 'Copyright 2019 Amazon.com']"
"@smithy/querystring-builder","git+https://github.com/smithy-lang/smithy-typescript.git","['Apache-2.0']","[' Inc. or its affiliates', 'Copyright 2018-2020 Amazon.com']"
"@smithy/querystring-parser","git+https://github.com/smithy-lang/smithy-typescript.git","['Apache-2.0']","[' Inc. or its affiliates', 'Copyright 2018-2020 Amazon.com']"
"@smithy/service-error-classification","git+https://github.com/smithy-lang/smithy-typescript.git","['Apache-2.0']","[' Inc. or its affiliates', 'Copyright 2018-2020 Amazon.com']"
"@smithy/shared-ini-file-loader","git+https://github.com/smithy-lang/smithy-typescript.git","['Apache-2.0']","[' Inc. or its affiliates', 'Copyright 2018-2020 Amazon.com']"
"@smithy/signature-v4","git+https://github.com/smithy-lang/smithy-typescript.git","['Apache-2.0']","[' Inc. or its affiliates', 'Copyright 2018-2020 Amazon.com']"
"@smithy/smithy-client","git+https://github.com/smithy-lang/smithy-typescript.git","['Apache-2.0']","[' Inc. or its affiliates', 'Copyright 2019 Amazon.com']"
"@smithy/types","git+https://github.com/smithy-lang/smithy-typescript.git","['Apache-2.0']","[' Inc. or its affiliates', 'Copyright 2019 Amazon.com']"
"@smithy/url-parser","git+https://github.com/smithy-lang/smithy-typescript.git","['Apache-2.0']","[' Inc. or its affiliates', 'Copyright 2018-2020 Amazon.com']"
"@smithy/util-base64","git+https://github.com/smithy-lang/smithy-typescript.git","['Apache-2.0']","[' Inc. or its affiliates', 'Copyright 2018-2020 Amazon.com']"
"@smithy/util-body-length-browser","git+https://github.com/smithy-lang/smithy-typescript.git","['Apache-2.0']","[' Inc. or its affiliates', 'Copyright 2018-2020 Amazon.com']"
"@smithy/util-body-length-node","git+https://github.com/smithy-lang/smithy-typescript.git","['Apache-2.0']","[' Inc. or its affiliates', 'Copyright 2018-2020 Amazon.com']"
"@smithy/util-buffer-from","git+https://github.com/smithy-lang/smithy-typescript.git","['Apache-2.0']","[' Inc. or its affiliates', 'Copyright 2018-2020 Amazon.com']"
"@smithy/util-config-provider","git+https://github.com/smithy-lang/smithy-typescript.git","['Apache-2.0']","[' Inc. or its affiliates', 'Copyright 2020 Amazon.com']"
"@smithy/util-defaults-mode-browser","git+https://github.com/smithy-lang/smithy-typescript.git","['Apache-2.0']","[' Inc. or its affiliates', 'Copyright 2018-2020 Amazon.com']"
"@smithy/util-defaults-mode-node","git+https://github.com/smithy-lang/smithy-typescript.git","['Apache-2.0']","[' Inc. or its affiliates', 'Copyright 2018-2020 Amazon.com']"
"@smithy/util-endpoints","git+https://github.com/smithy-lang/smithy-typescript.git","['Apache-2.0']","[' Inc. or its affiliates', 'Copyright 2021 Amazon.com']"
"@smithy/util-hex-encoding","git+https://github.com/smithy-lang/smithy-typescript.git","['Apache-2.0']","[' Inc. or its affiliates', 'Copyright 2018-2020 Amazon.com']"
"@smithy/util-middleware","git+https://github.com/smithy-lang/smithy-typescript.git","['Apache-2.0']","[' Inc. or its affiliates', 'Copyright 2021 Amazon.com']"
"@smithy/util-retry","git+https://github.com/awslabs/smithy-typescript.git","['Apache-2.0']","[' Inc. or its affiliates', 'Copyright 2021 Amazon.com']"
"@smithy/util-stream","git+https://github.com/smithy-lang/smithy-typescript.git","['Apache-2.0']","[' Inc. or its affiliates', 'Copyright 2018-2020 Amazon.com']"
"@smithy/util-uri-escape","git+https://github.com/smithy-lang/smithy-typescript.git","['Apache-2.0']","[' Inc. or its affiliates', 'Copyright 2018-2020 Amazon.com']"
"@smithy/util-utf8","git+https://github.com/smithy-lang/smithy-typescript.git","['Apache-2.0']","[' Inc. or its affiliates', 'Copyright 2018-2020 Amazon.com']"
"@smithy/util-waiter","git+https://github.com/smithy-lang/smithy-typescript.git","['Apache-2.0']","[' Inc. or its affiliates', 'Copyright 2018-2020 Amazon.com']"
"@smithy/uuid","git+https://github.com/smithy-lang/smithy-typescript.git","['Apache-2.0']","[' Inc. or its affiliates', 'Copyright 2018-2020 Amazon.com']"
"@tootallnate/quickjs-emscripten","git+https://github.com/justjake/quickjs-emscripten.git","['MIT']","['copyright (c) 2019 Jake Teton-Landis']"
"@tybys/wasm-util","@tybys/wasm-util","['MIT']","['toyobayashi (https://github.com/toyobayashi/wasm-util)']"
"@types/babel__core","@types/babel__core","['MIT']","['Copyright (c) Microsoft Corporation']"
"@types/babel__generator","@types/babel__generator","['MIT']","['Copyright (c) Microsoft Corporation']"
"@types/babel__template","@types/babel__template","['MIT']","['Copyright (c) Microsoft Corporation']"
"@types/babel__traverse","@types/babel__traverse","['MIT']","['Copyright (c) Microsoft Corporation']"
"@types/buffer-from","@types/buffer-from","['MIT']","['Copyright (c) Microsoft Corporation']"
"@types/datadog-metrics","https://github.com/DefinitelyTyped/DefinitelyTyped.git","['MIT']","['Copyright (c) Microsoft Corporation']"
"@types/estree","@types/estree","['MIT']","['Copyright (c) Microsoft Corporation']"
"@types/istanbul-lib-coverage","@types/istanbul-lib-coverage","['MIT']","['Copyright (c) Microsoft Corporation']"
"@types/istanbul-lib-report","@types/istanbul-lib-report","['MIT']","['Copyright (c) Microsoft Corporation']"
"@types/istanbul-reports","@types/istanbul-reports","['MIT']","['Copyright (c) Microsoft Corporation']"
"@types/jest","@types/jest","['MIT']","['Copyright (c) Microsoft Corporation']"
"@types/json-schema","@types/json-schema","['MIT']","['Copyright (c) Microsoft Corporation']"
"@types/lodash","@types/lodash","['MIT']","['Copyright (c) Microsoft Corporation']"
"@types/node","@types/node","['MIT']","[' Copyright Node.js contributors', 'Copyright (c) Microsoft Corporation']"
"@types/pako","@types/pako","['MIT']","['Copyright (c) Microsoft Corporation']"
"@types/stack-utils","@types/stack-utils","['MIT']","['Copyright (c) Microsoft Corporation']"
"@types/yargs","@types/yargs","['MIT']","['Copyright (c) Microsoft Corporation']"
"@types/yargs-parser","@types/yargs-parser","['MIT']","['Copyright (c) Microsoft Corporation']"
"@typescript-eslint/parser","@typescript-eslint/parser","['BSD-2-Clause']","[' https://js.foundation', 'Copyright JS Foundation and other contributors']"
"@typescript-eslint/project-service","@typescript-eslint/project-service","['MIT']","['Copyright (c) 2025 typescript-eslint and other contributors']"
"@typescript-eslint/scope-manager","@typescript-eslint/scope-manager","['MIT']","['Copyright (c) 2019 typescript-eslint and other contributors']"
"@typescript-eslint/tsconfig-utils","@typescript-eslint/tsconfig-utils","['MIT']","['Copyright (c) 2025 typescript-eslint and other contributors']"
"@typescript-eslint/types","@typescript-eslint/types","['MIT']","['Copyright (c) 2019 typescript-eslint and other contributors']"
"@typescript-eslint/typescript-estree","@typescript-eslint/typescript-estree","['MIT']","['Copyright (c) 2019 typescript-eslint and other contributors']"
"@typescript-eslint/utils","@typescript-eslint/utils","['MIT']","['Copyright (c) 2019 typescript-eslint and other contributors']"
"@typescript-eslint/visitor-keys","@typescript-eslint/visitor-keys","['MIT']","['Copyright (c) 2019 typescript-eslint and other contributors']"
"@ungap/structured-clone","@ungap/structured-clone","['ISC']","[' Andrea Giammarchi', ' Copyright (c) 2021', '(c) Andrea Giammarchi']"
"@unrs/resolver-binding-android-arm-eabi","@unrs/resolver-binding-android-arm-eabi","['MIT']","['Copyright (c) 2023 Boshen', 'Copyright (c) 2024 VoidZero Inc. & Contributors', 'Copyright (c) 2025-present UnRS & Contributors']"
"@unrs/resolver-binding-android-arm64","@unrs/resolver-binding-android-arm64","['MIT']","['Copyright (c) 2023 Boshen', 'Copyright (c) 2024 VoidZero Inc. & Contributors', 'Copyright (c) 2025-present UnRS & Contributors']"
"@unrs/resolver-binding-darwin-arm64","@unrs/resolver-binding-darwin-arm64","['MIT']","['Copyright (c) 2023 Boshen', 'Copyright (c) 2024 VoidZero Inc. & Contributors', 'Copyright (c) 2025-present UnRS & Contributors']"
"@unrs/resolver-binding-darwin-x64","@unrs/resolver-binding-darwin-x64","['MIT']","['Copyright (c) 2023 Boshen', 'Copyright (c) 2024 VoidZero Inc. & Contributors', 'Copyright (c) 2025-present UnRS & Contributors']"
"@unrs/resolver-binding-freebsd-x64","@unrs/resolver-binding-freebsd-x64","['MIT']","['Copyright (c) 2023 Boshen', 'Copyright (c) 2024 VoidZero Inc. & Contributors', 'Copyright (c) 2025-present UnRS & Contributors']"
"@unrs/resolver-binding-linux-arm-gnueabihf","@unrs/resolver-binding-linux-arm-gnueabihf","['MIT']","['Copyright (c) 2023 Boshen', 'Copyright (c) 2024 VoidZero Inc. & Contributors', 'Copyright (c) 2025-present UnRS & Contributors']"
"@unrs/resolver-binding-linux-arm-musleabihf","@unrs/resolver-binding-linux-arm-musleabihf","['MIT']","['Copyright (c) 2023 Boshen', 'Copyright (c) 2024 VoidZero Inc. & Contributors', 'Copyright (c) 2025-present UnRS & Contributors']"
"@unrs/resolver-binding-linux-arm64-gnu","@unrs/resolver-binding-linux-arm64-gnu","['MIT']","['Copyright (c) 2023 Boshen', 'Copyright (c) 2024 VoidZero Inc. & Contributors', 'Copyright (c) 2025-present UnRS & Contributors']"
"@unrs/resolver-binding-linux-arm64-musl","@unrs/resolver-binding-linux-arm64-musl","['MIT']","['Copyright (c) 2023 Boshen', 'Copyright (c) 2024 VoidZero Inc. & Contributors', 'Copyright (c) 2025-present UnRS & Contributors']"
"@unrs/resolver-binding-linux-ppc64-gnu","@unrs/resolver-binding-linux-ppc64-gnu","['MIT']","['Copyright (c) 2023 Boshen', 'Copyright (c) 2024 VoidZero Inc. & Contributors', 'Copyright (c) 2025-present UnRS & Contributors']"
"@unrs/resolver-binding-linux-riscv64-gnu","@unrs/resolver-binding-linux-riscv64-gnu","['MIT']","['Copyright (c) 2023 Boshen', 'Copyright (c) 2024 VoidZero Inc. & Contributors', 'Copyright (c) 2025-present UnRS & Contributors']"
"@unrs/resolver-binding-linux-riscv64-musl","@unrs/resolver-binding-linux-riscv64-musl","['MIT']","['Copyright (c) 2023 Boshen', 'Copyright (c) 2024 VoidZero Inc. & Contributors', 'Copyright (c) 2025-present UnRS & Contributors']"
"@unrs/resolver-binding-linux-s390x-gnu","@unrs/resolver-binding-linux-s390x-gnu","['MIT']","['Copyright (c) 2023 Boshen', 'Copyright (c) 2024 VoidZero Inc. & Contributors', 'Copyright (c) 2025-present UnRS & Contributors']"
"@unrs/resolver-binding-linux-x64-gnu","@unrs/resolver-binding-linux-x64-gnu","['MIT']","['Copyright (c) 2023 Boshen', 'Copyright (c) 2024 VoidZero Inc. & Contributors', 'Copyright (c) 2025-present UnRS & Contributors']"
"@unrs/resolver-binding-linux-x64-musl","@unrs/resolver-binding-linux-x64-musl","['MIT']","['Copyright (c) 2023 Boshen', 'Copyright (c) 2024 VoidZero Inc. & Contributors', 'Copyright (c) 2025-present UnRS & Contributors']"
"@unrs/resolver-binding-wasm32-wasi","@unrs/resolver-binding-wasm32-wasi","['MIT']","['Copyright (c) 2023 Boshen', 'Copyright (c) 2024 VoidZero Inc. & Contributors', 'Copyright (c) 2025-present UnRS & Contributors']"
"@unrs/resolver-binding-win32-arm64-msvc","@unrs/resolver-binding-win32-arm64-msvc","['MIT']","['Copyright (c) 2023 Boshen', 'Copyright (c) 2024 VoidZero Inc. & Contributors', 'Copyright (c) 2025-present UnRS & Contributors']"
"@unrs/resolver-binding-win32-ia32-msvc","@unrs/resolver-binding-win32-ia32-msvc","['MIT']","['Copyright (c) 2023 Boshen', 'Copyright (c) 2024 VoidZero Inc. & Contributors', 'Copyright (c) 2025-present UnRS & Contributors']"
"@unrs/resolver-binding-win32-x64-msvc","@unrs/resolver-binding-win32-x64-msvc","['MIT']","['Copyright (c) 2023 Boshen', 'Copyright (c) 2024 VoidZero Inc. & Contributors', 'Copyright (c) 2025-present UnRS & Contributors']"
"acorn","acorn","['MIT']","['Copyright (c) 2012-2022 by various contributors']"
"acorn-jsx","acorn-jsx","['MIT']","['Copyright (c) 2012-2017 by Ingvar Stepanyan']"
"agent-base","git+https://github.com/TooTallNate/proxy-agents.git","['MIT']","['Copyright (c) 2013 Nathan Rajlich <nathan@tootallnate.net>']"
"ajv","ajv","['MIT']","[' Copyright (c) 2015-2017 Evgeny Poberezkin', ' Copyright 2011 Gary Court', '(c) 2011 Gary Court']"
"ansi-escapes","git+https://github.com/sindresorhus/ansi-escapes.git","['MIT']","['Copyright (c) Sindre Sorhus <sindresorhus@gmail.com> (https://sindresorhus.com)']"
"ansi-regex","git+https://github.com/chalk/ansi-regex.git","['MIT']","[' Copyright (c) Sindre Sorhus <sindresorhus@gmail.com> (sindresorhus.com)', '(c) Sindre Sorhus (http://sindresorhus.com)']"
"ansi-styles","git+https://github.com/chalk/ansi-styles.git","['MIT']","['Copyright (c) Sindre Sorhus <sindresorhus@gmail.com> (sindresorhus.com)']"
"anymatch","anymatch","['ISC']","[' Paul Miller (https://paulmillr.com)', 'Copyright (c) 2019 Elan Shanker']"
"argparse","argparse","['MIT']","[' Copyright (c) 2012 Vitaly Puzrin (https://github.com/puzrin)', 'Copyright (c) 2012 by Vitaly Puzrin']"
"array-union","array-union","['MIT']","[' Copyright (c) Sindre Sorhus <sindresorhus@gmail.com> (sindresorhus.com)', '(c) Sindre Sorhus (https://sindresorhus.com)']"
"ast-types","git://github.com/benjamn/ast-types.git","['MIT']","['Copyright (c) 2013 Ben Newman <bn@cs.stanford.edu>']"
"astral-regex","astral-regex","['MIT']","[' Copyright (c) Kevin Martensson <kevinmartensson@gmail.com>', '(c) Kevin Martensson (https://github.com/kevva)']"
"async-function","git+https://github.com/ljharb/async-function.git","['MIT']","['Copyright (c) 2016 EduardoRFS']"
"async-generator-function","git+https://github.com/ljharb/async-generator-function.git","['MIT']","['Copyright (c) 2016 EduardoRFS']"
"async-retry","git+https://github.com/zeit/async-retry.git","['MIT']","[' Inc.', 'Copyright (c) 2017 ZEIT']"
"asynckit","git+https://github.com/alexindigo/asynckit.git","['MIT']","['Copyright (c) 2016 Alex Indigo']"
"aws-cdk","aws-cdk","['Apache-2.0']","['Copyright 2018-2025 Amazon.com, Inc. or its affiliates. All Rights Reserved.']"
"aws-cdk-lib","aws-cdk-lib","['Apache-2.0']","['Copyright 2018-2025 Amazon.com, Inc. or its affiliates. All Rights Reserved.']"
"axios","git+https://github.com/axios/axios.git","['MIT']","[' Copyright (c) 2025 Matt Zabriskie and contributors', 'Copyright (c) 2014-present Matt Zabriskie & Collaborators']"
"babel-jest","babel-jest","['MIT']","[' Inc. and affiliates', 'Copyright (c) Meta Platforms']"
"babel-plugin-istanbul","babel-plugin-istanbul","['BSD-3-Clause']","[' Istanbul Code Coverage', 'Copyright (c) 2016']"
"babel-plugin-jest-hoist","babel-plugin-jest-hoist","['MIT']","[' Inc. and affiliates', 'Copyright (c) Meta Platforms']"
"babel-preset-current-node-syntax","babel-preset-current-node-syntax","['MIT']","['Copyright (c) 2020 Nicolo Ribaudo and other contributors']"
"babel-preset-jest","babel-preset-jest","['MIT']","[' Inc. and affiliates', 'Copyright (c) Meta Platforms']"
"balanced-match","git://github.com/juliangruber/balanced-match.git","['MIT']","['Copyright (c) 2013 Julian Gruber <julian@juliangruber.com>']"
"base64-js","git://github.com/beatgammit/base64-js.git","['MIT']","['Copyright (c) 2014 Jameson Little']"
"baseline-browser-mapping","baseline-browser-mapping","['Apache-2.0']","[]"
"basic-ftp","git+https://github.com/patrickjuchli/basic-ftp.git","['MIT']","['Copyright (c) 2019 Patrick Juchli']"
"bignumber.js","git+https://github.com/MikeMcl/bignumber.js.git","['LicenseRef-scancode-unknown-license-reference AND MIT']","[' Copyright (c) 2025 Michael Mclaughlin <M8ch88l@gmail.com>', 'Copyright (c) <2025> Michael Mclaughlin']"
"bl","git+https://github.com/rvagg/bl.git","['MIT']","['Copyright (c) 2013-2019 bl contributors']"
"bowser","git+https://github.com/lancedikson/bowser.git","['MIT AND MITNFA']","[' (c) Denis Demchenko 2015-2019', ' (c) Dustin Diaz 2012-2015', ' Copyright 2015', ' Dustin Diaz', '(c) 2019 Denis Pushkarev']"
"brace-expansion","git://github.com/juliangruber/brace-expansion.git","['MIT']","['Copyright (c) 2013 Julian Gruber <julian@juliangruber.com>']"
"braces","braces","['MIT']","[' Copyright (c) 2019', ' Jon Schlinkert', ' Jon Schlinkert (https://github.com/jonschlinkert)', 'Copyright (c) 2014-present']"
"browserslist","browserslist","['MIT']","['Copyright 2014 Andrey Sitnik <andrey@sitnik.ru> and other contributors']"
"bs-logger","bs-logger","['MIT']","['Copyright (c) 2018 Huafu Gandon']"
"bser","bser","['Apache-2.0']","[' Inc.', 'Copyright 2015-present Facebook']"
"buffer","git://github.com/feross/buffer.git","['MIT']","[' Copyright (c) Feross Aboukhadijeh', ' and other contributors', 'Copyright (c) Feross Aboukhadijeh (http://feross.org)']"
"buffer-from","buffer-from","['MIT']","[' 2018 Linus Unneback', 'Copyright (c) 2016']"
"call-bind-apply-helpers","git+https://github.com/ljharb/call-bind-apply-helpers.git","['MIT']","['Copyright (c) 2024 Jordan Harband']"
"callsites","callsites","['MIT']","[' Copyright (c) Sindre Sorhus <sindresorhus@gmail.com> (sindresorhus.com)', '(c) Sindre Sorhus (https://sindresorhus.com)']"
"camelcase","camelcase","['MIT']","[' Copyright (c) Sindre Sorhus <sindresorhus@gmail.com> (sindresorhus.com)', '(c) Sindre Sorhus (https://sindresorhus.com)']"
"caniuse-lite","caniuse-lite","['CC-BY-4.0']","['Ben Briggs (https://github.com/browserslist/caniuse-lite)']"
"case","case","['MIT OR (GPL-3.0-or-later AND MIT)']","[' Copyright (c) 2020 Nathan Bubna', 'Copyright (c) 2013 Nathan Bubna']"
"cfn-response","cfn-response","['LicenseRef-.amazon.com.-AmznSL-1.0']","[' Copyright 2015 Amazon Web Services', ' Inc.', ' Inc. or its affiliates', 'Copyright 2015 Amazon Web Services']"
"chalk","git+https://github.com/chalk/chalk.git","['MIT']","['Copyright (c) Sindre Sorhus <sindresorhus@gmail.com> (sindresorhus.com)']"
"char-regex","char-regex","['MIT']","['Copyright (c) 2019 Richie Bendall']"
"chardet","git+https://github.com/runk/node-chardet.git","['MIT']","['Copyright (c) 2024 Dmitry Shirokov']"
"ci-info","ci-info","['MIT']","['Copyright (c) 2016 Thomas Watson Steen']"
"cjs-module-lexer","cjs-module-lexer","['MIT']","[' Copyright (c) 2018-2020 Guy Bedford', 'Copyright (c) 2012-2018 by various contributors']"
"cli-cursor","git+https://github.com/sindresorhus/cli-cursor.git","['MIT']","['Copyright (c) Sindre Sorhus <sindresorhus@gmail.com> (sindresorhus.com)']"
"cli-spinners","git+https://github.com/sindresorhus/cli-spinners.git","['MIT']","['Copyright (c) Sindre Sorhus <sindresorhus@gmail.com> (https://sindresorhus.com)']"
"cli-width","git+ssh://git@github.com/knownasilya/cli-width.git","['ISC']","[' Ilya Radchenko <ilya@burstcreations.com>', 'Copyright (c) 2015']"
"clipanion","https://github.com/arcanis/clipanion","['MIT']","['Copyright (c) 2019 Mael Nison']"
"cliui","cliui","['ISC']","[' Contributors', ' Copyright (c) npm', ' Inc. and Contributors', 'Copyright (c) 2015']"
"clone","git://github.com/pvorb/node-clone.git","['MIT']","[' Copyright (c) 2011-2015 Paul Vorbach (http://paul.vorba.ch/) and contributors (https://github.com/pvorb/node-clone/graphs/contributors).', ' Copyright (c) 2011-2015 Paul Vorbach <paul@vorba.ch>', 'Copyright (c) 2011-2015 Paul Vorbach (http://paul.vorba.ch/) and contributors (https://github.com/pvorb/node-clone/graphs/contributors)']"
"co","co","['MIT']","['Copyright (c) 2014 TJ Holowaychuk <tj@vision-media.ca>']"
"collect-v8-coverage","collect-v8-coverage","['MIT']","['Copyright (c) 2019 Simen Bekkhus']"
"color-convert","git+https://github.com/Qix-/color-convert.git","['MIT']","[' Copyright (c) 2011-2016', ' Heather Arthur and Josh Junon', 'Copyright (c) 2011-2016 Heather Arthur <fayearthur@gmail.com>']"
"color-name","git+ssh://git@github.com/colorjs/color-name.git","['MIT']","['Copyright (c) 2015 Dmitry Ivanov']"
"com.github.DataDog/serverless-remote-instrumentation","git+https://github.com/DataDog/serverless-remote-instrumentation","['Apache-2.0']","['Datadog, Inc.']"
"combined-stream","git://github.com/felixge/node-combined-stream.git","['MIT']","['Copyright (c) 2011 Debuggable Limited <felix@debuggable.com>']"
"common-tags","common-tags","['MIT']","['Copyright (c) Declan de Wet']"
"concat-map","git://github.com/substack/node-concat-map.git","['MIT']","['James Halliday']"
"constructs","constructs","['Apache-2.0']","[' Inc. or its affiliates', 'Copyright 2020 Amazon.com']"
"convert-source-map","convert-source-map","['MIT']","['Copyright 2013 Thorsten Lorenz']"
"core-util-is","git://github.com/isaacs/core-util-is","['MIT']","[' Inc. and other Node contributors', 'Copyright Joyent']"
"cross-fetch","cross-fetch","['MIT']","[' Copyright (c) 2010 Thomas Fuchs (http://script.aculo.us/thomas)', ' Copyright (c) 2017 Leonardo Quixada', '(c) Leonardo Quixada (https://twitter.com/lquixada/)']"
"cross-spawn","git+ssh://git@github.com/moxystudio/node-cross-spawn.git","['MIT']","['Copyright (c) 2018 Made With MOXY Lda']"
"data-uri-to-buffer","git+https://github.com/TooTallNate/proxy-agents.git","['MIT']","['Copyright (c) 2014 Nathan Rajlich <nathan@tootallnate.net>']"
"datadog-metrics","git+ssh://git@github.com/dbader/node-datadog-metrics.git","['MIT']","['Daniel Bader']"
"debug","git://github.com/debug-js/debug.git","['MIT']","[' Copyright (c) 2018-2021 Josh Junon', 'Copyright (c) 2014-2017 TJ Holowaychuk <tj@vision-media.ca>']"
"dedent","dedent","['MIT']","['Desmond Brand (https://github.com/dmnd/dedent)']"
"deep-extend","git://github.com/unclechu/node-deep-extend.git","['MIT']","[' Copyright (c) 2013-2018', ' Viacheslav Lotsmanov', 'Copyright (c) 2013-2018 Viacheslav Lotsmanov']"
"deep-is","deep-is","['MIT']","[' 2013 Thorsten Lorenz <thlorenz@gmx.de>', ' Copyright (c) 2012', ' Copyright (c) 2012 James Halliday <mail@substack.net>', 'Copyright (c) 2009 Thomas Robinson <280north.com>']"
"deepmerge","deepmerge","['MIT']","[' Josh Duff', ' and other contributors', 'Copyright (c) 2012 James Halliday']"
"defaults","git://github.com/tmpvar/defaults.git","['MIT']","[' Copyright (c) 2022 Sindre Sorhus', 'Copyright (c) 2015 Elijah Insua']"
"degenerator","git+https://github.com/TooTallNate/proxy-agents.git","['MIT']","['Copyright (c) 2013 Nathan Rajlich <nathan@tootallnate.net>']"
"delayed-stream","git://github.com/felixge/node-delayed-stream.git","['MIT']","['Copyright (c) 2011 Debuggable Limited <felix@debuggable.com>']"
"detect-newline","detect-newline","['MIT']","[' Copyright (c) Sindre Sorhus <sindresorhus@gmail.com> (sindresorhus.com)', '(c) Sindre Sorhus (https://sindresorhus.com)']"
"dir-glob","dir-glob","['MIT']","['Copyright (c) Kevin Martensson <kevinmartensson@gmail.com>']"
"dlv","dlv","['MIT']","['Jason Miller (https://github.com/developit/dlv)']"
"doctrine","doctrine","['Apache-2.0 AND BSD-2-Clause']","[' 2011 Ariya Hidayat (http://ariya.ofilabs.com/about) (twitter @ariyahidayat (http://twitter.com/ariyahidayat)) and other contributors', ' 2011 Ariya Hidayat (http://ariya.ofilabs.com/about) (twitter ariyahidayat (http://twitter.com/ariyahidayat)) and other contributors', ' Copyright (c) 2012', ' Copyright JS Foundation and other contributors', ' copyright (Nicholas C. Zakas)', ' https://js.foundation', 'Copyright (c) 2012']"
"dogapi","git://github.com/brettlangdon/node-dogapi.git","['MIT']","['Copyright (c) 2013 Brett Langdon <me@brett.is>']"
"dunder-proto","git+https://github.com/es-shims/dunder-proto.git","['MIT']","['Copyright (c) 2024 ECMAScript Shims']"
"eastasianwidth","eastasianwidth","['MIT']","['Masaki Komagata (https://github.com/komagata/eastasianwidth)']"
"electron-to-chromium","electron-to-chromium","['ISC']","['Copyright 2018 Kilian Valkhof']"
"emittery","emittery","['MIT']","['Copyright (c) Sindre Sorhus <sindresorhus@gmail.com> (https://sindresorhus.com)']"
"emoji-regex","git+https://github.com/mathiasbynens/emoji-regex.git","['MIT']","['Copyright Mathias Bynens <https://mathiasbynens.be/>']"
"error-ex","error-ex","['MIT']","['Copyright (c) 2015 JD Ballard']"
"es-define-property","git+https://github.com/ljharb/es-define-property.git","['MIT']","['Copyright (c) 2024 Jordan Harband']"
"es-errors","git+https://github.com/ljharb/es-errors.git","['MIT']","['Copyright (c) 2024 Jordan Harband']"
"es-object-atoms","git+https://github.com/ljharb/es-object-atoms.git","['MIT']","['Copyright (c) 2024 Jordan Harband']"
"es-set-tostringtag","git+https://github.com/es-shims/es-set-tostringtag.git","['MIT']","['Copyright (c) 2022 ECMAScript Shims']"
"es6-promise","es6-promise","['MIT']","[' Stefan Penner and contributors', ' Tom Dale', 'Copyright (c) 2014 Yehuda Katz']"
"escalade","escalade","['MIT']","[' Copyright (c) Luke Edwards <luke.edwards05@gmail.com> (lukeed.com)', '(c) Luke Edwards (https://lukeed.com)']"
"escape-string-regexp","https://github.com/sindresorhus/escape-string-regexp","['MIT']","[' Copyright (c) Sindre Sorhus <sindresorhus@gmail.com> (sindresorhus.com)', '(c) Sindre Sorhus (https://sindresorhus.com)']"
"escodegen","git+ssh://git@github.com/estools/escodegen.git","['BSD-2-Clause']","[' Copyright (c) 2012 Arpad Borsos <arpad.borsos@googlemail.com>', ' Copyright (c) 2012 John Freeman <jfreeman08@gmail.com>', ' Copyright (c) 2012 Joost-Wim Boekesteijn <joost-wim@boekesteijn.nl>', ' Copyright (c) 2012 Kris Kowal <kris.kowal@cixar.com>', ' Copyright (c) 2012 Robert Gust-Bardon <donate@robert.gust-bardon.org>', ' Copyright (c) 2012 Yusuke Suzuki', ' Copyright (c) 2012 Yusuke Suzuki (http://github.com/Constellation) (twitter @Constellation (http://twitter.com/Constellation)) and other contributors', ' Copyright (c) 2012 Yusuke Suzuki (http://github.com/Constellation) (twitter Constellation (http://twitter.com/Constellation)) and other contributors', ' Copyright (c) 2012 Yusuke Suzuki (twitter Constellation) and other contributors', ' Copyright (c) 2012 Yusuke Suzuki <utatane.tea@gmail.com>', ' Copyright (c) 2012-2013 Mathias Bynens <mathias@qiwi.be>', ' Copyright (c) 2012-2013 Michael Ficarra <escodegen.copyright@michael.ficarra.me>', ' Copyright (c) 2012-2014 Yusuke Suzuki <utatane.tea@gmail.com>', ' Copyright (c) 2013 Irakli Gozalishvili <rfobic@gmail.com>', ' Copyright (c) 2014 Ivan Nikulin <ifaaan@gmail.com>', ' Copyright (c) 2015 Ingvar Stepanyan <me@rreverser.com>', ' Copyright (c) 2020 Apple Inc.', 'Copyright (c) 2011-2012 Ariya Hidayat <ariya.hidayat@gmail.com>']"
"eslint","eslint","['MIT']","[' <www.openjsf.org>', ' Copyright OpenJS Foundation and other contributors', 'Copyright 2013-2016 Dulin Marat and other contributors']"
"eslint-compat-utils","eslint-compat-utils","['MIT']","['Copyright (c) 2023 Yosuke Ota']"
"eslint-config-prettier","eslint-config-prettier","['MIT']","[' 2018', ' 2019', ' 2020', ' 2021', ' 2022', ' 2023 Simon Lydell and contributors', 'Copyright (c) 2017']"
"eslint-plugin-jest","eslint-plugin-jest","['MIT']","['Copyright (c) 2018 Jonathan Kim']"
"eslint-plugin-prettier","eslint-plugin-prettier","['MIT']","['Copyright (c) 2017 Andres Suarez and Teddy Katz']"
"eslint-plugin-yml","eslint-plugin-yml","['MIT']","['Copyright (c) 2020 Yosuke Ota']"
"eslint-scope","eslint-scope","['BSD-2-Clause']","[' Copyright (c) 2012-2013 Yusuke Suzuki (twitter Constellation) and other contributors', ' Copyright (c) 2012-2014 Yusuke Suzuki <utatane.tea@gmail.com>', ' Copyright (c) 2013 Alex Seville <hi@alexanderseville.com>', ' Copyright (c) 2014 Thiago de Arruda <tpadilha84@gmail.com>', ' Copyright (c) 2015 Yusuke Suzuki <utatane.tea@gmail.com>', ' Copyright JS Foundation and other contributors', ' https://js.foundation', 'Copyright (c) 2012-2013 Yusuke Suzuki']"
"eslint-visitor-keys","eslint-visitor-keys","['Apache-2.0']","['Toru Nagashima (https://github.com/eslint/js/tree/main/packages/eslint-visitor-keys)']"
"espree","espree","['BSD-2-Clause']","[' Copyright (c) Open JS Foundation', ' Copyright 2012-2015 Acorn', ' Copyright 2014-2015 Sebastian McKenzie <sebmck@gmail.com>', ' Copyright 2014-2015 various', ' Inc. and Contributors', 'Copyright (c) jQuery Foundation']"
"esprima","git+https://github.com/jquery/esprima.git","['BSD-2-Clause AND BSD-3-Clause']","[' https://js.foundation', 'Copyright JS Foundation and other contributors']"
"esquery","esquery","['BSD-3-Clause']","[' Copyright (c) 2012-2013 Yusuke Suzuki <utatane.tea@gmail.com>', ' Copyright (c) 2013', ' Joel Feenstra', 'Copyright (c) 2012 Ariya Hidayat <ariya.hidayat@gmail.com>']"
"esrecurse","esrecurse","['BSD-2-Clause']","[' Copyright (c) 2014 Yusuke Suzuki <utatane.tea@gmail.com>', 'Copyright (c) 2014 Yusuke Suzuki (https://github.com/Constellation) (twitter Constellation (https://twitter.com/Constellation)) and other contributors']"
"estraverse","git+ssh://git@github.com/estools/estraverse.git","['BSD-2-Clause']","[' Copyright (c) 2012-2013 Yusuke Suzuki <utatane.tea@gmail.com>', ' Copyright (c) 2012-2016 Yusuke Suzuki (http://github.com/Constellation) (twitter Constellation (http://twitter.com/Constellation)) and other contributors', ' Copyright (c) 2014 Yusuke Suzuki <utatane.tea@gmail.com>', 'Copyright (c) 2012 Ariya Hidayat <ariya.hidayat@gmail.com>']"
"esutils","http://github.com/estools/esutils.git","['BSD-2-Clause']","[' Copyright (c) 2013 Yusuke Suzuki <utatane.tea@gmail.com>', ' Copyright (c) 2013-2014 Yusuke Suzuki <utatane.tea@gmail.com>', ' Copyright (c) 2014 Ivan Nikulin <ifaaan@gmail.com>', 'Copyright (c) 2013 Yusuke Suzuki (http://github.com/Constellation) (twitter Constellation (http://twitter.com/Constellation)) and other contributors']"
"execa","execa","['MIT']","['Copyright (c) Sindre Sorhus <sindresorhus@gmail.com> (https://sindresorhus.com)']"
"exit-x","exit-x","['MIT']","['Copyright (c) 2013 Cowboy Ben Alman']"
"expect","expect","['MIT']","[' Inc. and affiliates', 'Copyright (c) Meta Platforms']"
"extend","git+https://github.com/justmoon/node-extend.git","['MIT']","['Copyright (c) 2014 Stefan Thomas']"
"fast-deep-equal","fast-deep-equal","['MIT']","['Copyright (c) 2017 Evgeny Poberezkin']"
"fast-diff","fast-diff","['Apache-2.0']","[' Copyright 2014-2023 Jason Chen', 'Copyright 2006 Google Inc. http://code.google.com/p/google-diff-match-patch']"
"fast-glob","fast-glob","['MIT']","['Copyright (c) Denis Malinochkin']"
"fast-json-stable-stringify","fast-json-stable-stringify","['MIT']","[' Copyright (c) 2017 Evgeny Poberezkin', 'Copyright (c) 2013 James Halliday']"
"fast-levenshtein","fast-levenshtein","['MIT']","['Copyright (c) 2013 Ramesh Nair (http://www.hiddentao.com/)']"
"fast-uri","fast-uri","['BSD-3-Clause']","[' Copyright (c) 2021-present The Fastify team', ' Copyright 2011 Gary Court', ' Gary Court until https://github.com/garycourt/uri-js/commit/a1acf730b4bba3f1097c9f52e7d9d3aba8cdcaae', 'Copyright (c) 2011-2021']"
"fast-xml-parser","git+https://github.com/NaturalIntelligence/fast-xml-parser.git","['MIT']","[' Copyright 2013 Timothy J Fontaine <tjfontaine@gmail.com>', 'Copyright (c) 2017 Amit Kumar Gupta']"
"fastq","fastq","['ISC']","[' Matteo Collina <matteo.collina@gmail.com>', 'Copyright (c) 2015-2020']"
"fb-watchman","fb-watchman","['Apache-2.0']","[' Inc. and affiliates', 'Copyright (c) Meta Platforms']"
"figures","git+https://github.com/sindresorhus/figures.git","['MIT']","['Copyright (c) Sindre Sorhus <sindresorhus@gmail.com> (https://sindresorhus.com)']"
"file-entry-cache","file-entry-cache","['MIT']","['Copyright (c) Roy Riojas & Jared Wray']"
"fill-range","fill-range","['MIT']","[' Copyright (c) 2019', ' Jon Schlinkert', ' Jon Schlinkert (https://github.com/jonschlinkert)', 'Copyright (c) 2014-present']"
"find-up","find-up","['MIT']","['Copyright (c) Sindre Sorhus <sindresorhus@gmail.com> (https://sindresorhus.com)']"
"flat-cache","flat-cache","['MIT']","['Copyright (c) Roy Riojas and Jared Wray']"
"flatted","flatted","['ISC']","[' Andrea Giammarchi', ' Copyright (c) 2018-2020', ' Copyright (c) 2018-2021', ' Copyright (c) 2018-2025', '(c) 2020-present Andrea Giammarchi']"
"follow-redirects","git+ssh://git@github.com/follow-redirects/follow-redirects.git","['MIT']","[' James Talmage <james@talmage.io> ', ' Ruben Verborgh', 'Copyright 2014-present Olivier Lalonde <olalonde@gmail.com> ']"
"foreground-child","git+https://github.com/tapjs/foreground-child.git","['ISC']","['Copyright (c) 2015-2023 Isaac Z. Schlueter and Contributors']"
"form-data","git://github.com/form-data/form-data.git","['MIT']","['Copyright (c) 2012 Felix Geisendorfer (felix@debuggable.com) and contributors']"
"fs-extra","fs-extra","['MIT']","[' Copyright (c) 2011-2024 JP Richardson (https://github.com/jprichardson)', ' Copyright (c) 2014-2016 Jonathan Ong me@jongleberry.com and Contributors', ' Copyright (c) Sindre Sorhus <sindresorhus@gmail.com> (sindresorhus.com)', 'Copyright (c) 2011-2024 JP Richardson']"
"fs.realpath","fs.realpath","['ISC']","[' Copyright Joyent', ' Inc. and other Node contributors', ' Inc. and other Node contributors.', 'Copyright (c) Isaac Z. Schlueter and Contributors']"
"fsevents","fsevents","['MIT']","[' Ben Noordhuis', ' Copyright (c) 2010-2020 by Philipp Dunkel', ' Elan Shankar', ' Paul Miller', '(c) 2020 by Philipp Dunkel']"
"function-bind","git+https://github.com/Raynos/function-bind.git","['MIT']","['Copyright (c) 2013 Raynos']"
"fuzzy","git://github.com/mattyork/fuzzy.git","['MIT']","[' Copyright (c) 2015 Matt York', 'Copyright (c) 2012 Matt York']"
"generator-function","git+https://github.com/ljharb/generator-function.git","['MIT']","['Copyright (c) 2015 Tiancheng ""Timothy"" Gu']"
"gensync","gensync","['MIT']","['Copyright 2018 Logan Smyth <loganfsmyth@gmail.com>']"
"get-caller-file","get-caller-file","['ISC']","['Copyright 2018 Stefan Penner']"
"get-intrinsic","git+https://github.com/ljharb/get-intrinsic.git","['MIT']","['Copyright (c) 2020 Jordan Harband']"
"get-package-type","get-package-type","['MIT']","[' LLC', 'Copyright (c) 2020 CFWare']"
"get-proto","git+https://github.com/ljharb/get-proto.git","['MIT']","['Copyright (c) 2025 Jordan Harband']"
"get-stream","get-stream","['MIT']","['Copyright (c) Sindre Sorhus <sindresorhus@gmail.com> (https://sindresorhus.com)']"
"get-uri","git+https://github.com/TooTallNate/proxy-agents.git","['MIT']","['Copyright (c) 2014 Nathan Rajlich <nathan@tootallnate.net>']"
"glob","git://github.com/isaacs/node-glob.git","['ISC']","['Copyright (c) 2009-2023 Isaac Z. Schlueter and Contributors']"
"glob-parent","glob-parent","['ISC']","[' 2019 Elan Shanker', ' 2021 Blaine Bublitz <blaine.bublitz@gmail.com> ', ' Eric Schoffstall <yo@contra.io> and other contributors', 'Copyright (c) 2015']"
"globals","globals","['MIT']","['Copyright (c) Sindre Sorhus <sindresorhus@gmail.com> (https://sindresorhus.com)']"
"globby","globby","['MIT']","['Copyright (c) Sindre Sorhus <sindresorhus@gmail.com> (sindresorhus.com)']"
"gopd","git+https://github.com/ljharb/gopd.git","['MIT']","['Copyright (c) 2022 Jordan Harband']"
"graceful-fs","graceful-fs","['ISC']","[' Ben Noordhuis', ' and Contributors', 'Copyright (c) 2011-2022 Isaac Z. Schlueter']"
"graphemer","graphemer","['MIT']","[' Copyright 2020 Filament Anomalous Technologies', 'Copyright 2020 Filament (Anomalous Technologies Limited)']"
"handlebars","handlebars","['MIT']","['Copyright (c) 2011-2019 by Yehuda Katz']"
"has-ansi","has-ansi","['MIT']","[' Copyright (c) Sindre Sorhus <sindresorhus@gmail.com> (sindresorhus.com)', '(c) Sindre Sorhus (http://sindresorhus.com)']"
"has-flag","git+https://github.com/sindresorhus/has-flag.git","['MIT']","[' Copyright (c) Sindre Sorhus <sindresorhus@gmail.com> (sindresorhus.com)', '(c) Sindre Sorhus (https://sindresorhus.com)']"
"has-symbols","git://github.com/inspect-js/has-symbols.git","['MIT']","['Copyright (c) 2016 Jordan Harband']"
"has-tostringtag","git+https://github.com/inspect-js/has-tostringtag.git","['MIT']","['Copyright (c) 2021 Inspect JS']"
"hasown","git+https://github.com/inspect-js/hasOwn.git","['MIT']","['Copyright (c) Jordan Harband and contributors']"
"html-escaper","html-escaper","['MIT']","['Copyright (c) 2017-present by Andrea Giammarchi']"
"http-proxy-agent","git+https://github.com/TooTallNate/proxy-agents.git","['MIT']","['Copyright (c) 2013 Nathan Rajlich <nathan@tootallnate.net>']"
"https-proxy-agent","git+https://github.com/TooTallNate/proxy-agents.git","['MIT']","['Copyright (c) 2013 Nathan Rajlich <nathan@tootallnate.net>']"
"human-signals","human-signals","['Apache-2.0']","[' Copyright 2019 ehmicky <ehmicky@gmail.com>', 'Copyright 2019']"
"iconv-lite","git+https://github.com/pillarjs/iconv-lite.git","['MIT']","[' Copyright (c) Microsoft Corporation', 'Copyright (c) 2011 Alexander Shtuchkin']"
"ieee754","git://github.com/feross/ieee754.git","['BSD-3-Clause']","[' Copyright 2008 Fair Oaks Labs', ' Fair Oaks Labs', ' Inc.', 'Copyright (c) 2008']"
"ignore","ignore","['MIT']","[' contributors http://kael.me', 'Copyright (c) 2013 Kael Zhang <i@kael.me> ']"
"immediate","git://github.com/calvinmetcalf/immediate.git","['MIT']","[' Brian Cavalier', ' Domenic Denicola', ' Donavon West', ' llc', 'Copyright (c) 2012 Barnesandnoble.com']"
"import-fresh","import-fresh","['MIT']","['Copyright (c) Sindre Sorhus <sindresorhus@gmail.com> (https://sindresorhus.com)']"
"import-local","import-local","['MIT']","['Copyright (c) Sindre Sorhus <sindresorhus@gmail.com> (https://sindresorhus.com)']"
"imurmurhash","imurmurhash","['MIT']","[' Jens Taylor', 'Copyright (c) 2013 Gary Court']"
"indent-string","indent-string","['MIT']","[' Copyright (c) Sindre Sorhus <sindresorhus@gmail.com> (sindresorhus.com)', '(c) Sindre Sorhus (https://sindresorhus.com)']"
"inflight","inflight","['ISC']","['Copyright (c) Isaac Z. Schlueter']"
"inherits","git://github.com/isaacs/inherits.git","['ISC']","['Copyright (c) Isaac Z. Schlueter']"
"ini","git://github.com/isaacs/ini.git","['ISC']","['Copyright (c) Isaac Z. Schlueter and Contributors']"
"inquirer","git+https://github.com/SBoudrias/Inquirer.js.git","['MIT']","[' Copyright (c) 2022 Simon Boudrias (twitter @vaxilart (https://twitter.com/Vaxilart))', 'Copyright (c) 2022 Simon Boudrias']"
"inquirer-checkbox-plus-prompt","git+https://github.com/faressoft/inquirer-checkbox-plus-prompt.git","['MIT']","['Copyright (c) 2018 Mohammad Anas Fares']"
"ip-address","git://github.com/beaugunderson/ip-address.git","['MIT']","['Copyright (c) 2011 by Beau Gunderson']"
"is-arrayish","is-arrayish","['MIT']","['Copyright (c) 2015 JD Ballard']"
"is-extglob","is-extglob","['MIT']","[' Copyright (c) 2016', ' Jon Schlinkert', ' Jon Schlinkert (https://github.com/jonschlinkert)', 'Copyright (c) 2014-2016']"
"is-fullwidth-code-point","git+https://github.com/sindresorhus/is-fullwidth-code-point.git","['MIT']","[' Copyright (c) Sindre Sorhus <sindresorhus@gmail.com> (sindresorhus.com)', '(c) Sindre Sorhus (https://sindresorhus.com)']"
"is-generator-fn","is-generator-fn","['MIT']","[' Copyright (c) Sindre Sorhus <sindresorhus@gmail.com> (sindresorhus.com)', '(c) Sindre Sorhus (https://sindresorhus.com)']"
"is-glob","is-glob","['MIT']","[' Copyright (c) 2019', ' Jon Schlinkert', ' Jon Schlinkert (https://github.com/jonschlinkert)', 'Copyright (c) 2014-2017']"
"is-interactive","git+https://github.com/sindresorhus/is-interactive.git","['MIT']","['Copyright (c) Sindre Sorhus <sindresorhus@gmail.com> (sindresorhus.com)']"
"is-number","is-number","['MIT']","[' Copyright (c) 2018', ' Jon Schlinkert', ' Jon Schlinkert (https://github.com/jonschlinkert)', 'Copyright (c) 2014-present']"
"is-path-inside","is-path-inside","['MIT']","['Copyright (c) Sindre Sorhus <sindresorhus@gmail.com> (sindresorhus.com)']"
"is-stream","is-stream","['MIT']","['Copyright (c) Sindre Sorhus <sindresorhus@gmail.com> (https://sindresorhus.com)']"
"is-unicode-supported","git+https://github.com/sindresorhus/is-unicode-supported.git","['MIT']","['Copyright (c) Sindre Sorhus <sindresorhus@gmail.com> (https://sindresorhus.com)']"
"isarray","git://github.com/juliangruber/isarray.git","['MIT']","['Copyright (c) 2013 Julian Gruber <julian@juliangruber.com>']"
"isexe","git+https://github.com/isaacs/isexe.git","['ISC']","['Copyright (c) Isaac Z. Schlueter and Contributors']"
"istanbul-lib-coverage","istanbul-lib-coverage","['BSD-3-Clause']","[' Copyright 2012-2015', ' Yahoo Inc.', ' Yahoo Inc. Copyrights', 'Copyright 2012-2015 Yahoo! Inc.']"
"istanbul-lib-instrument","istanbul-lib-instrument","['BSD-3-Clause']","[' Copyright 2012-2015', ' Yahoo Inc.', ' Yahoo Inc. Copyrights', 'Copyright 2012-2015 Yahoo! Inc.']"
"istanbul-lib-report","istanbul-lib-report","['BSD-3-Clause']","[' Copyright 2012-2015', ' Yahoo Inc.', ' Yahoo Inc. Copyrights', 'Copyright 2012-2015 Yahoo! Inc.']"
"istanbul-lib-source-maps","istanbul-lib-source-maps","['BSD-3-Clause']","[' Copyright 2012-2015', ' Copyright 2015', ' Copyright 2015 Yahoo! Inc.', ' Yahoo Inc.', ' Yahoo Inc. Copyrights', 'Copyright 2012-2015']"
"istanbul-reports","istanbul-reports","['BSD-3-Clause']","[' Copyright (c) Facebook', ' Copyright 2012-2015', ' Copyright 2012-2015 Yahoo! Inc.', ' Inc. and its affiliates', ' Yahoo Inc. Copyrights', '(c) Sindre Sorhus']"
"jackspeak","git+https://github.com/isaacs/jackspeak.git","['BlueOak-1.0.0']","['Isaac Z. Schlueter']"
"jest","jest","['MIT']","[' Inc. and affiliates', 'Copyright (c) Meta Platforms']"
"jest-changed-files","jest-changed-files","['MIT']","[' Inc. and affiliates', 'Copyright (c) Meta Platforms']"
"jest-circus","jest-circus","['MIT']","[' Inc. and affiliates', 'Copyright (c) Meta Platforms']"
"jest-cli","jest-cli","['MIT']","[' Inc. and affiliates', 'Copyright (c) Meta Platforms']"
"jest-config","jest-config","['MIT']","[' Inc. and affiliates', 'Copyright (c) Meta Platforms']"
"jest-diff","jest-diff","['MIT']","[' Copyright 2018 The diff-match-patch', ' Inc. and affiliates', 'Copyright (c) Meta Platforms']"
"jest-docblock","jest-docblock","['MIT']","[' Inc. and affiliates', 'Copyright (c) Meta Platforms']"
"jest-each","jest-each","['MIT']","[' Inc. and affiliates', 'Copyright (c) Meta Platforms']"
"jest-environment-node","jest-environment-node","['MIT']","[' Inc. and affiliates', 'Copyright (c) Meta Platforms']"
"jest-haste-map","jest-haste-map","['MIT']","[' Inc. and affiliates', 'Copyright (c) Meta Platforms']"
"jest-leak-detector","jest-leak-detector","['MIT']","[' Inc. and affiliates', 'Copyright (c) Meta Platforms']"
"jest-matcher-utils","jest-matcher-utils","['MIT']","[' Inc. and affiliates', 'Copyright (c) Meta Platforms']"
"jest-message-util","jest-message-util","['MIT']","[' Inc. and affiliates', 'Copyright (c) Meta Platforms']"
"jest-mock","jest-mock","['MIT']","[' Inc. and affiliates', 'Copyright (c) Meta Platforms']"
"jest-pnp-resolver","jest-pnp-resolver","['MIT']","['Copyright (c) 2016 Mael Nison']"
"jest-regex-util","jest-regex-util","['MIT']","[' Inc. and affiliates', 'Copyright (c) Meta Platforms']"
"jest-resolve","jest-resolve","['MIT']","[' Inc. and affiliates', 'Copyright (c) Meta Platforms']"
"jest-resolve-dependencies","jest-resolve-dependencies","['MIT']","[' Inc. and affiliates', 'Copyright (c) Meta Platforms']"
"jest-runner","jest-runner","['MIT']","[' Inc. and affiliates', 'Copyright (c) Meta Platforms']"
"jest-runtime","jest-runtime","['MIT']","[' Inc. and affiliates', 'Copyright (c) Meta Platforms']"
"jest-snapshot","jest-snapshot","['MIT']","[' Inc. and affiliates', 'Copyright (c) Meta Platforms']"
"jest-util","jest-util","['MIT']","[' Inc. and affiliates', 'Copyright (c) Meta Platforms']"
"jest-validate","jest-validate","['MIT']","[' Inc. and affiliates', 'Copyright (c) Meta Platforms']"
"jest-watcher","jest-watcher","['MIT']","[' Inc. and affiliates', 'Copyright (c) Meta Platforms']"
"jest-worker","jest-worker","['MIT']","[' Inc. and affiliates', 'Copyright (c) Meta Platforms']"
"js-tokens","js-tokens","['MIT']","[' 2015', ' 2016', ' 2017', ' 2018 Simon Lydell', ' Copyright 2014', 'Copyright (c) 2014']"
"js-yaml","js-yaml","['MIT']","['Copyright (c) 2011-2015 by Vitaly Puzrin']"
"jsesc","jsesc","['MIT']","['Copyright Mathias Bynens <https://mathiasbynens.be/>']"
"json-bigint","git+ssh://git@github.com/sidorares/json-bigint.git","['MIT']","[' Copyright (c) 2013 Andrey Sidorov', '(c) BSD-3-Clause https://github.com/fastify/secure-json-parse/graphs/contributors and https://github.com/hapijs/bourne/graphs/contributors']"
"json-buffer","json-buffer","['MIT']","['Copyright (c) 2013 Dominic Tarr']"
"json-parse-even-better-errors","json-parse-even-better-errors","['MIT']","[' Copyright npm', ' Inc.', 'Copyright 2017 Kat Marchan']"
"json-schema-traverse","json-schema-traverse","['MIT']","['Copyright (c) 2017 Evgeny Poberezkin']"
"json-stable-stringify-without-jsonify","json-stable-stringify-without-jsonify","['MIT']","['James Halliday (https://github.com/samn/json-stable-stringify)']"
"json5","json5","['MIT']","[' Copyright (c) 2012-2018 Aseem Kishore', ' and others', ' copyright (c) 2019 Denis Pushkarev', '(c) 2019 Denis Pushkarev']"
"jsonfile","jsonfile","['MIT']","[' Copyright 2012-2016', ' JP Richardson <jprichardson@gmail.com>', 'Copyright (c) 2012-2015']"
"jsonschema","jsonschema","['MIT']","[' Copyright (c) 2012-2019 Tom', 'Copyright (c) 2012-2015 Tom']"
"jszip","git+https://github.com/Stuk/jszip.git","['GPL-3.0-only OR MIT']","[' (c) 2009-2016 Stuart Knightley', ' (c) 2014-2017 Vitaly Puzrin and Andrey Tupitsin', ' Antonio Afonso', ' Copyright (c) 2007 Free Software Foundation', ' Copyright (c) 2009-2016 Stuart Knightley', ' David Duponchel', ' Franz Buchinger', ' Inc. <http://fsf.org/>', '(c) 1995-2013 Jean-loup Gailly and Mark Adler']"
"keyv","keyv","['MIT']","['(c) Jared Wray']"
"leven","leven","['MIT']","[' Copyright (c) Sindre Sorhus <sindresorhus@gmail.com> (sindresorhus.com)', '(c) Sindre Sorhus (https://sindresorhus.com)']"
"levn","levn","['MIT']","['Copyright (c) George Zahariev']"
"lie","git+https://github.com/calvinmetcalf/lie.git","['MIT']","[' Jordan Harband', 'Copyright (c) 2014-2018 Calvin Metcalf']"
"lines-and-columns","lines-and-columns","['MIT']","['Copyright (c) 2015 Brian Donovan']"
"locate-path","locate-path","['MIT']","[' Copyright (c) Sindre Sorhus <sindresorhus@gmail.com> (sindresorhus.com)', '(c) Sindre Sorhus (https://sindresorhus.com)']"
"lodash","git+https://github.com/lodash/lodash.git","['CC0-1.0 AND MIT']","[' Copyright OpenJS Foundation and other contributors <https://openjsf.org/>', ' DocumentCloud and Investigative Reporters & Editors', ' DocumentCloud and Investigative Reporters & Editors <http://underscorejs.org/>', ' copyright Jeremy Ashkenas', 'Copyright Jeremy Ashkenas']"
"lodash.memoize","lodash.memoize","['MIT']","[' Copyright jQuery Foundation and other contributors <https://jquery.org/>', ' DocumentCloud and Investigative Reporters & Editors', ' DocumentCloud and Investigative Reporters & Editors <http://underscorejs.org/>', ' copyright Jeremy Ashkenas', 'Copyright Jeremy Ashkenas']"
"lodash.merge","lodash.merge","['MIT']","[' Copyright OpenJS Foundation and other contributors <https://openjsf.org/>', ' DocumentCloud and Investigative Reporters & Editors', ' DocumentCloud and Investigative Reporters & Editors <http://underscorejs.org/>', ' copyright Jeremy Ashkenas', 'Copyright Jeremy Ashkenas']"
"lodash.truncate","lodash.truncate","['MIT']","[' Copyright jQuery Foundation and other contributors <https://jquery.org/>', ' DocumentCloud and Investigative Reporters & Editors', ' DocumentCloud and Investigative Reporters & Editors <http://underscorejs.org/>', ' copyright Jeremy Ashkenas', 'Copyright Jeremy Ashkenas']"
"log-symbols","git+https://github.com/sindresorhus/log-symbols.git","['MIT']","['Copyright (c) Sindre Sorhus <sindresorhus@gmail.com> (https://sindresorhus.com)']"
"loglevel","loglevel","['MIT']","[' Copyright (c) 2013 Tim Perry', '(c) 2024 Tim Perry']"
"loglevel-colored-level-prefix","loglevel-colored-level-prefix","['MIT']","['Copyright (c) 2016 Kent C. Dodds']"
"lru-cache","git://github.com/isaacs/node-lru-cache.git","['ISC']","['Copyright (c) 2010-2023 Isaac Z. Schlueter and Contributors']"
"make-dir","make-dir","['MIT']","['Copyright (c) Sindre Sorhus <sindresorhus@gmail.com> (https://sindresorhus.com)']"
"make-error","make-error","['ISC']","[' Copyright 2014 Julien Fontanet', '(c) Julien Fontanet (http://julien.isonoe.net)']"
"makeerror","makeerror","['BSD-3-Clause']","[' Copyright (c) 2014', ' Naitik Shah', ' Naitik Shah.', 'Copyright (c) 2014']"
"math-intrinsics","git+https://github.com/es-shims/math-intrinsics.git","['MIT']","['Copyright (c) 2024 ECMAScript Shims']"
"merge-stream","merge-stream","['MIT']","['Copyright (c) Stephen Sugden <me@stephensugden.com> (stephensugden.com)']"
"merge2","merge2","['MIT']","['Copyright (c) 2014-2020 Teambition']"
"micromatch","micromatch","['MIT']","[' Copyright (c) 2024', ' Jon Schlinkert', ' Jon Schlinkert (https://github.com/jonschlinkert)', 'Copyright (c) 2014-present']"
"mime-db","git+https://github.com/jshttp/mime-db.git","['MIT']","[' Copyright (c) 2014 Jonathan Ong <me@jongleberry.com>', ' Copyright (c) 2015-2022 Douglas Christopher Wilson', ' Copyright (c) 2015-2022 Douglas Christopher Wilson <doug@somethingdoug.com>', 'Copyright (c) 2014 Jonathan Ong']"
"mime-types","git+https://github.com/jshttp/mime-types.git","['MIT']","[' Copyright (c) 2014 Jonathan Ong <me@jongleberry.com>', ' Copyright (c) 2015 Douglas Christopher Wilson', ' Copyright (c) 2015 Douglas Christopher Wilson <doug@somethingdoug.com>', 'Copyright (c) 2014 Jonathan Ong']"
"mimic-fn","git+https://github.com/sindresorhus/mimic-fn.git","['MIT']","[' Copyright (c) Sindre Sorhus <sindresorhus@gmail.com> (sindresorhus.com)', '(c) Sindre Sorhus (https://sindresorhus.com)']"
"minimatch","git://github.com/isaacs/minimatch.git","['ISC']","['Copyright (c) 2011-2023 Isaac Z. Schlueter and Contributors']"
"minimist","git://github.com/substack/minimist.git","['MIT']","['James Halliday']"
"minipass","git+https://github.com/isaacs/minipass.git","['ISC']","[' Inc.', ' Isaac Z. Schlueter', ' and Contributors', 'Copyright (c) 2017-2023 npm']"
"ms","git+https://github.com/vercel/ms.git","['MIT']","[' Inc.', 'Copyright (c) 2016 Zeit']"
"mute-stream","git://github.com/isaacs/mute-stream.git","['ISC']","['Copyright (c) Isaac Z. Schlueter and Contributors']"
"napi-postinstall","napi-postinstall","['MIT']","['Copyright (c) 2021-present UnTS']"
"natural-compare","natural-compare","['MIT']","['Copyright (c) 2012-2015 Lauri Rooden <lauri@rooden.ee>']"
"neo-async","neo-async","['MIT']","[' Copyright Caolan McMahon', 'Copyright (c) 2014-2018 Suguru Motegi']"
"netmask","git://github.com/rs/node-netmask.git","['MIT']","['Copyright (c) 2011 Olivier Poitrey <rs@rhapsodyk.net>']"
"node-fetch","node-fetch","['MIT']","['Copyright (c) 2016 David Frank']"
"node-int64","node-int64","['MIT']","[' Copyright (c) 2014 Robert Kieffer', 'Copyright (c) 2012 Robert Kieffer']"
"node-releases","node-releases","['MIT']","['Copyright (c) 2017 Sergey Rubanov (https://github.com/chicoxyzzy)']"
"normalize-path","normalize-path","['MIT']","[' Copyright (c) 2018', ' Jon Schlinkert', ' Jon Schlinkert (https://github.com/jonschlinkert)', 'Copyright (c) 2014-2018']"
"npm-run-path","npm-run-path","['MIT']","['Copyright (c) Sindre Sorhus <sindresorhus@gmail.com> (sindresorhus.com)']"
"once","once","['ISC']","['Copyright (c) Isaac Z. Schlueter and Contributors']"
"onetime","git+https://github.com/sindresorhus/onetime.git","['MIT']","['Copyright (c) Sindre Sorhus <sindresorhus@gmail.com> (https://sindresorhus.com)']"
"optionator","optionator","['MIT']","['Copyright (c) George Zahariev']"
"ora","git+https://github.com/sindresorhus/ora.git","['MIT']","['Copyright (c) Sindre Sorhus <sindresorhus@gmail.com> (https://sindresorhus.com)']"
"p-limit","p-limit","['MIT']","['Copyright (c) Sindre Sorhus <sindresorhus@gmail.com> (https://sindresorhus.com)']"
"p-locate","p-locate","['MIT']","['Copyright (c) Sindre Sorhus <sindresorhus@gmail.com> (https://sindresorhus.com)']"
"p-try","p-try","['MIT']","[' Copyright (c) Sindre Sorhus <sindresorhus@gmail.com> (sindresorhus.com)', '(c) Sindre Sorhus (https://sindresorhus.com)']"
"pac-proxy-agent","git+https://github.com/TooTallNate/proxy-agents.git","['MIT']","['Copyright (c) 2014 Nathan Rajlich <nathan@tootallnate.net>']"
"pac-resolver","git+https://github.com/TooTallNate/proxy-agents.git","['MIT']","['Copyright (c) 2013 Nathan Rajlich <nathan@tootallnate.net>']"
"package-json-from-dist","git+https://github.com/isaacs/package-json-from-dist.git","['BlueOak-1.0.0']","['Isaac Z. Schlueter']"
"pako","git+https://github.com/nodeca/pako.git","['MIT AND Zlib']","[' (c) 2014-2017 Vitaly Puzrin and Andrey Tupitsin', ' Copyright (c) 1995-2013 Jean-loup Gailly and Mark Adler', ' Copyright (c) 2014-2017 by Vitaly Puzrin and Andrei Tuputcyn', '(c) 1995-2013 Jean-loup Gailly and Mark Adler']"
"parent-module","parent-module","['MIT']","[' Copyright (c) Sindre Sorhus <sindresorhus@gmail.com> (sindresorhus.com)', '(c) Sindre Sorhus (https://sindresorhus.com)']"
"parse-json","parse-json","['MIT']","['Copyright (c) Sindre Sorhus <sindresorhus@gmail.com> (https://sindresorhus.com)']"
"path-exists","path-exists","['MIT']","[' Copyright (c) Sindre Sorhus <sindresorhus@gmail.com> (sindresorhus.com)', '(c) Sindre Sorhus (https://sindresorhus.com)']"
"path-is-absolute","path-is-absolute","['MIT']","[' Copyright (c) Sindre Sorhus <sindresorhus@gmail.com> (sindresorhus.com)', '(c) Sindre Sorhus (https://sindresorhus.com)']"
"path-key","git+https://github.com/sindresorhus/path-key.git","['MIT']","['Copyright (c) Sindre Sorhus <sindresorhus@gmail.com> (sindresorhus.com)']"
"path-scurry","git+https://github.com/isaacs/path-scurry.git","['BlueOak-1.0.0']","['Isaac Z. Schlueter']"
"path-type","path-type","['MIT']","[' Copyright (c) Sindre Sorhus <sindresorhus@gmail.com> (sindresorhus.com)', '(c) Sindre Sorhus (https://sindresorhus.com)']"
"picocolors","picocolors","['ISC']","[' Anton Verinov', ' Kostiantyn Denysov', 'Copyright (c) 2021-2024 Oleksii Raspopov']"
"picomatch","picomatch","['MIT']","[' Copyright (c) 2017-present', ' Jon Schlinkert', ' Jon Schlinkert (https://github.com/jonschlinkert)', 'Copyright (c) 2017-present']"
"pirates","pirates","['MIT']","[' Copyright (c) 2016-2018 Ari Porad', '(c) 2015 Ari Porad (@ariporad) <http://ariporad.com>']"
"pkg-dir","pkg-dir","['MIT']","[' Copyright (c) Sindre Sorhus <sindresorhus@gmail.com> (sindresorhus.com)', '(c) Sindre Sorhus (https://sindresorhus.com)']"
"prelude-ls","prelude-ls","['MIT']","['Copyright (c) George Zahariev']"
"prettier","prettier","['MIT']","[' (c) Jared Wray', ' 2015', ' 2016', ' 2017', ' 2018 Simon Lydell', ' 2019 Elan Shanker', ' Andrea Giammarchi', ' Anton Verinov', ' Copyright (c) 2009-2015', ' Copyright (c) 2010-2025 Google LLC. https://angular.dev/license', ' Copyright (c) 2011-2015 by Vitaly Puzrin', ' Copyright (c) 2012 EditorConfig Team', ' Copyright (c) 2012-2014 Raynos', ' Copyright (c) 2012-2014 by Woong Jun and Tim Oxley', ' Copyright (c) 2012-2014 by various contributors', ' Copyright (c) 2012-2017 by Ingvar Stepanyan', ' Copyright (c) 2012-2018 Aseem Kishore', ' Copyright (c) 2012-2022 by various contributors', ' Copyright (c) 2013 Andrey Sitnik <andrey@sitnik.ru>', ' Copyright (c) 2013 Dominic Tarr', ' Copyright (c) 2013 James Halliday', ' Copyright (c) 2013 Kael Zhang <i@kael.me> ', ' Copyright (c) 2013 Liucw', ' Copyright (c) 2013 Mikola Lysenko', ' Copyright (c) 2014', ' Copyright (c) 2014 Alex Bell', ' Copyright (c) 2014 Stefan Thomas', ' Copyright (c) 2014 Yehuda Katz and contributors', ' Copyright (c) 2014-2016', ' Copyright (c) 2014-2017', ' Copyright (c) 2014-2020 Teambition', ' Copyright (c) 2014-present', ' Copyright (c) 2014-present Sebastian McKenzie and other contributors', ' Copyright (c) 2015', ' Copyright (c) 2015 Tilde', ' Copyright (c) 2015 Titus Wormer', ' Copyright (c) 2015 Titus Wormer <tituswormer@gmail.com>', ' Copyright (c) 2015-2020', ' Copyright (c) 2015-2024 Matteo Collina', ' Copyright (c) 2015-present', ' Copyright (c) 2016', ' Copyright (c) 2016 Denys Kniazevych <webschik@gmail.com>', ' Copyright (c) 2016 Joshua Holbrook', ' Copyright (c) 2016 Pat Sissons <patricksissons@gmail.com>', ' Copyright (c) 2016 Thomas Watson Steen', ' Copyright (c) 2016 Titus Wormer <tituswormer@gmail.com>', ' Copyright (c) 2017 Andrew Powell <andrew@shellscape.org>', ' Copyright (c) 2017 Evgeny Poberezkin', ' Copyright (c) 2017 Permission', ' Copyright (c) 2017 Titus Wormer <tituswormer@gmail.com>', ' Copyright (c) 2017-2021 Luke Childs', ' Copyright (c) 2017-present', ' Copyright (c) 2018-2020', ' Copyright (c) 2019 ', ' Copyright (c) 2019 Sindre Sorhus <sindresorhus@gmail.com> (https://sindresorhus.com)', ' Copyright (c) 2019 typescript-eslint and other contributors', ' Copyright (c) 2019-present Fabio Spampinato', ' Copyright (c) 2020 Titus Wormer <tituswormer@gmail.com>', ' Copyright (c) 2020-present Fabio Spampinato', ' Copyright (c) 2021 Titus Wormer', ' Copyright (c) 2021-2022 Jared Wray', ' Copyright (c) 2021-2024 Oleksii Raspopov', ' Copyright (c) 2021-present Fabio Spampinato', ' Copyright (c) 2022-present Fabio Spampinato', ' Copyright (c) 2023-present Fabio Spampinato', ' Copyright (c) 2024-present Fabio Spampinato', ' Copyright (c) 2025-present Fabio Spampinato', ' Copyright (c) Andrew Powell <andrew@shellscape.org>', ' Copyright (c) Ben Briggs <beneb.info@gmail.com> (http://beneb.info)', ' Copyright (c) Denis Malinochkin', ' Copyright (c) Feross Aboukhadijeh', ' Copyright (c) Ika <ikatyang@gmail.com> (https://github.com/ikatyang)', ' Copyright (c) Isaac Z. Schlueter', ' Copyright (c) Isaac Z. Schlueter and Contributors', ' Copyright (c) James Long and contributors', ' Copyright (c) James Talmage <james@talmage.io> (https://github.com/jamestalmage)', ' Copyright (c) Meta Platforms', ' Copyright (c) Open JS Foundation', ' Copyright (c) Paul Miller (https://paulmillr.com)', ' Copyright (c) Petka Antonov Benjamin Gruenbaum', ' Copyright (c) Sindre Sorhus <sindresorhus@gmail.com> (https://sindresorhus.com)', ' Copyright (c) Sindre Sorhus <sindresorhus@gmail.com> (sindresorhus.com)', ' Copyright (c) Squirrel Chat et al', ' Copyright 2013 Andrey Sitnik <andrey@sitnik.ru>', ' Copyright 2017 Andrey Sitnik <andrey@sitnik.ru>', ' Copyright 2018 Eemeli Aro <eemeli@gmail.com>', ' Copyright JS Foundation and other contributors <https://js.foundation/>', ' Copyright Joyent', ' Copyright Mathias Bynens <https://mathiasbynens.be/>', ' Copyright Node.js contributors', ' DocumentCloud and Investigative Reporters & Editors <http://underscorejs.org/>', ' Inc.', ' Inc. and affiliates', ' Inc. and other Node contributors', ' Jon Schlinkert', ' KFlash and others', ' Kevin Decker <kpdecker@gmail.com>', ' Kostiantyn Denysov', ' Mark Wubben', ' Matteo Collina <matteo.collina@gmail.com>', ' Paul Miller (https://paulmillr.com)', ' and others', ' contributors http://kael.me', ' copyright Jeremy Ashkenas', '(c) GraphQL Contributors']"
"prettier-eslint","prettier-eslint","['MIT']","['Copyright (c) 2016 Kent C. Dodds']"
"prettier-linter-helpers","prettier-linter-helpers","['MIT']","['Copyright (c) 2017 Andres Suarez and Teddy Katz']"
"pretty-format","pretty-format","['MIT']","[' Inc. and affiliates', 'Copyright (c) Meta Platforms']"
"process-nextick-args","git+https://github.com/calvinmetcalf/process-nextick-args.git","['MIT']","['Copyright (c) 2015 Calvin Metcalf']"
"proxy-agent","git+https://github.com/TooTallNate/proxy-agents.git","['MIT']","['Copyright (c) 2013 Nathan Rajlich <nathan@tootallnate.net>']"
"proxy-from-env","git+https://github.com/Rob--W/proxy-from-env.git","['MIT']","['Copyright (c) 2016-2018 Rob Wu <rob@robwu.nl>']"
"punycode","punycode","['MIT']","['Copyright Mathias Bynens <https://mathiasbynens.be/>']"
"pure-rand","pure-rand","['MIT']","['Copyright (c) 2018 Nicolas DUBIEN']"
"queue-microtask","queue-microtask","['MIT']","[' Copyright (c) Feross Aboukhadijeh (https://feross.org)', 'Copyright (c) Feross Aboukhadijeh']"
"rc","git+https://github.com/dominictarr/rc.git","['Apache-2.0 OR BSD-2-Clause OR MIT OR (Apache-2.0 AND BSD-2-Clause) OR (Apache-2.0 AND MIT) OR (BSD-2-Clause AND MIT)']","[' Copyright (c) 2013', ' Dominic Tarr', 'Copyright (c) 2011 Dominic Tarr']"
"react-is","react-is","['MIT']","[' Inc. and its affiliates', 'Copyright (c) Facebook']"
"readable-stream","git://github.com/nodejs/readable-stream.git","['MIT']","[' Copyright Node.js contributors', ' Inc. and other Node contributors', 'Copyright Joyent']"
"require-directory","require-directory","['MIT']","['Copyright (c) 2011 Troy Goode <troygoode@gmail.com>']"
"require-from-string","require-from-string","['MIT']","[' Copyright (c) Vsevolod Strukchinsky <floatdrop@gmail.com>', '(c) Vsevolod Strukchinsky (http://github.com/floatdrop)']"
"require-relative","require-relative","['MIT']","['Valerio Proietti (https://github.com/kamicane/require-relative)']"
"resolve-cwd","resolve-cwd","['MIT']","[' Copyright (c) Sindre Sorhus <sindresorhus@gmail.com> (sindresorhus.com)', '(c) Sindre Sorhus (https://sindresorhus.com)']"
"resolve-from","resolve-from","['MIT']","[' Copyright (c) Sindre Sorhus <sindresorhus@gmail.com> (sindresorhus.com)', '(c) Sindre Sorhus (https://sindresorhus.com)']"
"restore-cursor","git+https://github.com/sindresorhus/restore-cursor.git","['MIT']","[' Copyright (c) Sindre Sorhus <sindresorhus@gmail.com> (sindresorhus.com)', '(c) Sindre Sorhus (https://sindresorhus.com)']"
"retry","git://github.com/tim-kos/node-retry.git","['MIT']","['Copyright (c) 2011 Tim Koschutzki (tim@debuggable.com) Felix Geisendorfer (felix@debuggable.com)']"
"reusify","reusify","['MIT']","['Copyright (c) 2015-2024 Matteo Collina']"
"rimraf","rimraf","['ISC']","['Copyright (c) Isaac Z. Schlueter and Contributors']"
"run-async","git+https://github.com/SBoudrias/run-async.git","['MIT']","['Copyright (c) 2014 Simon Boudrias']"
"run-parallel","run-parallel","['MIT']","[' Copyright (c) Feross Aboukhadijeh (http://feross.org)', 'Copyright (c) Feross Aboukhadijeh']"
"rxjs","git+https://github.com/reactivex/rxjs.git","['Apache-2.0']","[' Copyright (c) 2015-2018 Google', ' Copyright (c) Microsoft Corporation', ' Copyright Google Inc.', ' Inc.', ' Microsoft Corp. and contributors', ' Netflix', '(c) Sa (c)']"
"safe-buffer","git://github.com/feross/safe-buffer.git","['MIT']","[' Copyright (c) Feross Aboukhadijeh (http://feross.org)', 'Copyright (c) Feross Aboukhadijeh']"
"safer-buffer","npm:safer-buffer","['MIT']","['Copyright (c) 2018 Nikita Skovoroda <chalkerx@gmail.com>']"
"semver","git+https://github.com/npm/node-semver.git","['ISC']","[' Copyright Isaac Z.', ' Copyright Isaac Z. Schlueter', 'Copyright (c) Isaac Z. Schlueter and Contributors']"
"setimmediate","git+https://github.com/yuzujs/setImmediate.git","['MIT']","[' Donavon West', ' and Domenic Denicola', ' llc', 'Copyright (c) 2012 Barnesandnoble.com']"
"shebang-command","git+https://github.com/kevva/shebang-command.git","['MIT']","['Copyright (c) Kevin Martensson <kevinmartensson@gmail.com>']"
"shebang-regex","git+https://github.com/sindresorhus/shebang-regex.git","['MIT']","[' Copyright (c) Sindre Sorhus <sindresorhus@gmail.com> (sindresorhus.com)', '(c) Sindre Sorhus (https://sindresorhus.com)']"
"signal-exit","git+https://github.com/tapjs/signal-exit.git","['ISC']","[' Isaac Z. Schlueter', ' and Contributors', 'Copyright (c) 2015-2023 Benjamin Coe']"
"simple-git","git+https://github.com/steveukx/git-js.git","['MIT']","['Steve King']"
"slash","slash","['MIT']","[' Copyright (c) Sindre Sorhus <sindresorhus@gmail.com> (sindresorhus.com)', '(c) Sindre Sorhus (https://sindresorhus.com)']"
"slice-ansi","slice-ansi","['MIT']","[' Copyright (c) Sindre Sorhus <sindresorhus@gmail.com> (https://sindresorhus.com)', 'Copyright (c) DC']"
"smart-buffer","git+https://github.com/JoshGlazebrook/smart-buffer.git","['MIT']","['Copyright (c) 2013-2017 Josh Glazebrook']"
"socks","git+https://github.com/JoshGlazebrook/socks.git","['MIT']","['Copyright (c) 2013 Josh Glazebrook']"
"socks-proxy-agent","git+https://github.com/TooTallNate/proxy-agents.git","['MIT']","['Copyright (c) 2013 Nathan Rajlich <nathan@tootallnate.net>']"
"source-map","source-map","['BSD-3-Clause']","[' Copyright 2009-2011 Mozilla Foundation and contributors', ' Copyright 2011 Mozilla Foundation and contributors', ' Copyright 2011 The Closure Compiler Authors', ' Copyright 2014 Mozilla Foundation and contributors', ' Mozilla Foundation and contributors', 'Copyright (c) 2009-2011']"
"source-map-support","source-map-support","['MIT']","['Copyright (c) 2014 Evan Wallace']"
"sprintf-js","sprintf-js","['BSD-3-Clause']","[' Alexandru Marasteanu', 'Copyright (c) 2007-2014']"
"stack-utils","stack-utils","['MIT']","[' Copyright (c) 2016-2022 Isaac Z. Schlueter <i@izs.me> ', ' James Talmage (http://github.com/jamestalmage)', ' James Talmage <james@talmage.io> (github.com/jamestalmage)', ' and Contributors', '(c) Isaac Z. Schlueter (http://github.com/isaacs)']"
"string-length","string-length","['MIT']","['Copyright (c) Sindre Sorhus <sindresorhus@gmail.com> (https://sindresorhus.com)']"
"string-width","git+https://github.com/sindresorhus/string-width.git","['MIT']","['Copyright (c) Sindre Sorhus <sindresorhus@gmail.com> (sindresorhus.com)']"
"string-width-cjs","npm:string-width-cjs","['ISC']","['Copyright (c) Sindre Sorhus <sindresorhus@gmail.com> (https://sindresorhus.com)']"
"string_decoder","git://github.com/nodejs/string_decoder.git","['MIT']","[' Copyright Node.js contributors', ' Inc. and other Node contributors', 'Copyright Joyent']"
"strip-ansi","git+https://github.com/chalk/strip-ansi.git","['MIT']","['Copyright (c) Sindre Sorhus <sindresorhus@gmail.com> (https://sindresorhus.com)']"
"strip-ansi-cjs","npm:strip-ansi-cjs","['ISC']","['Copyright (c) Sindre Sorhus <sindresorhus@gmail.com> (https://sindresorhus.com)']"
"strip-bom","strip-bom","['MIT']","[' Copyright (c) Sindre Sorhus <sindresorhus@gmail.com> (sindresorhus.com)', '(c) Sindre Sorhus (https://sindresorhus.com)']"
"strip-final-newline","strip-final-newline","['MIT']","[' Copyright (c) Sindre Sorhus <sindresorhus@gmail.com> (sindresorhus.com)', '(c) Sindre Sorhus (https://sindresorhus.com)']"
"strip-json-comments","git+https://github.com/sindresorhus/strip-json-comments.git","['MIT']","['Copyright (c) Sindre Sorhus <sindresorhus@gmail.com> (https://sindresorhus.com)']"
"strnum","git+https://github.com/NaturalIntelligence/strnum.git","['MIT']","['Copyright (c) 2021 Natural Intelligence']"
"supports-color","git+https://github.com/chalk/supports-color.git","['MIT']","['Copyright (c) Sindre Sorhus <sindresorhus@gmail.com> (sindresorhus.com)']"
"supports-hyperlinks","git+https://github.com/jamestalmage/supports-hyperlinks.git","['MIT']","[' Copyright (c) James Talmage <james@talmage.io>', '(c) James Talmage (https://github.com/jamestalmage)']"
"synckit","synckit","['MIT']","['Copyright (c) 2021 UnTS']"
"table","table","['BSD-3-Clause']","[' Gajus Kuizinas (http://gajus.com/)', 'Copyright (c) 2018']"
"terminal-link","git+https://github.com/sindresorhus/terminal-link.git","['MIT']","['Copyright (c) Sindre Sorhus <sindresorhus@gmail.com> (sindresorhus.com)']"
"test-exclude","test-exclude","['ISC']","[' Contributors', ' Copyright (c) 2016', 'Copyright (c) 2016']"
"text-table","text-table","['MIT']","['James Halliday (https://www.npmjs.com/package/text-table)']"
"through","https://github.com/dominictarr/through.git","['Apache-2.0 AND MIT']","['Copyright (c) 2011 Dominic Tarr']"
"tiny-async-pool","git+ssh://git@github.com/rxaviers/async-pool.git","['MIT']","[' Copyright (c) 2017 Rafael Xavier de Souza http://rafael.xavier.blog.br', '(c) Rafael Xavier de Souza (http://rafael.xavier.blog.br)']"
"tmpl","tmpl","['BSD-3-Clause']","[' Naitik Shah', 'Copyright (c) 2014']"
"to-regex-range","to-regex-range","['MIT']","[' Copyright (c) 2015-present', ' Copyright (c) 2019', ' Jon Schlinkert', ' Jon Schlinkert (https://github.com/jonschlinkert)', ' Jon Schlinkert (https://github.com/jonschlinkert).', ' Jon Schlinkert.', 'Copyright (c) 2015-present']"
"tr46","tr46","['MIT']","[]"
"ts-api-utils","ts-api-utils","['MIT']","['JoshuaKGoldberg (https://www.npmjs.com/package/ts-api-utils)']"
"ts-jest","ts-jest","['MIT']","['Copyright (c) 2016-2025 Permission']"
"tslib","git+https://github.com/Microsoft/tslib.git","['0BSD']","['Copyright (c) Microsoft Corporation']"
"typanion","https://github.com/arcanis/typanion","['MIT']","['Copyright (c) 2020 Mael Nison']"
"type-check","type-check","['MIT']","['Copyright (c) George Zahariev']"
"type-detect","type-detect","['MIT']","[' Copyright (c) 2013 Jake Luer <jake@alogicalparadox.com> (http://alogicalparadox.com)', 'Copyright (c) 2013 jake luer <jake@alogicalparadox.com>']"
"type-fest","git+https://github.com/sindresorhus/type-fest.git","['CC0-1.0 AND MIT']","['Copyright (c) Sindre Sorhus <sindresorhus@gmail.com> (https://sindresorhus.com)']"
"typescript","typescript","['Apache-2.0']","[' Beihang) Disclaimers', ' Copyright (c) 1991-2017 Unicode', ' Copyright (c) 2018 The Khronos Group Inc.', ' Copyright (c) 2018 WHATWG', ' Copyright (c) Microsoft Corporation', ' Copyright (c) YEAR W3C(r) (MIT', ' ERCIM', ' Inc.', ' Keio', '(c) by W3C']"
"uglify-js","uglify-js","['BSD-2-Clause AND BSD-3-Clause']","[' Copyright 2012-2024 (c) Mihai Bazon <mihai.bazon@gmail.com>', 'Copyright 2012 (c) Mihai Bazon <mihai.bazon@gmail.com>']"
"undici-types","undici-types","['MIT']","['Copyright (c) Matteo Collina and Undici contributors']"
"universalify","universalify","['MIT']","[' Ryan Zimmerman <opensrc@ryanzim.com>', 'Copyright (c) 2017']"
"unrs-resolver","unrs-resolver","['Apache-2.0 AND MIT']","['Copyright (c) 2023 Boshen', 'Copyright (c) 2024 VoidZero Inc. & Contributors', 'Copyright (c) 2025-present UnRS & Contributors']"
"upath","git://github.com/anodynos/upath.git","['MIT']","[' Copyright (c) 2020 Angelos Pikoulas <agelos.pikoulas@gmail.com>', 'Copyright (c) 2014-2020 Angelos Pikoulas (agelos.pikoulas@gmail.com)']"
"update-browserslist-db","update-browserslist-db","['MIT']","['Copyright 2022 Andrey Sitnik <andrey@sitnik.ru> and other contributors']"
"uri-js","uri-js","['BSD-2-Clause AND BSD-2-Clause-Views']","[' Copyright 2011 Gary Court', '(c) 2011 Gary Court']"
"util-deprecate","git://github.com/TooTallNate/util-deprecate.git","['MIT']","['Copyright (c) 2014 Nathan Rajlich <nathan@tootallnate.net>']"
"v8-to-istanbul","v8-to-istanbul","['ISC']","[' Contributors', 'Copyright (c) 2017']"
"vue-eslint-parser","vue-eslint-parser","['MIT']","[' copyright 2017 Toru Nagashima', 'Copyright (c) 2016 Toru Nagashima']"
"walker","walker","['Apache-2.0']","['Copyright 2013 Naitik Shah']"
"wcwidth","git+https://github.com/timoxley/wcwidth.git","['MIT']","['Copyright (c) 2012 by Jun Woong']"
"webidl-conversions","webidl-conversions","['BSD-2-Clause']","[' Domenic Denicola', 'Copyright (c) 2014']"
"whatwg-url","whatwg-url","['MIT']","[' Copyright (c) 2015-2016 Sebastian Mayr', '(c) extraPathPercentEncodeSet.has']"
"which","git://github.com/isaacs/node-which.git","['ISC']","['Copyright (c) Isaac Z. Schlueter and Contributors']"
"word-wrap","word-wrap","['MIT']","[' Copyright (c) 2014-2023', ' Copyright (c) 2023', ' Jon Schlinkert', ' Jon Schlinkert (https://github.com/jonschlinkert)', 'Copyright (c) 2014-2016']"
"wordwrap","wordwrap","['MIT']","['publisher']"
"wrap-ansi","npm:wrap-ansi","['MIT']","['Copyright (c) Sindre Sorhus <sindresorhus@gmail.com> (sindresorhus.com)']"
"wrap-ansi-cjs","npm:wrap-ansi-cjs","['ISC']","['Copyright (c) Sindre Sorhus <sindresorhus@gmail.com> (https://sindresorhus.com)']"
"wrappy","wrappy","['ISC']","['Copyright (c) Isaac Z. Schlueter and Contributors']"
"write-file-atomic","write-file-atomic","['ISC']","[' Rebecca Turner', 'Copyright (c) 2015']"
"y18n","y18n","['ISC']","[' Contributors', ' Copyright (c) 2015', 'Copyright (c) 2015']"
"yallist","git+https://github.com/isaacs/yallist.git","['ISC']","['Copyright (c) Isaac Z. Schlueter and Contributors']"
"yaml","yaml","['ISC']","['Copyright Eemeli Aro <eemeli@gmail.com>']"
"yaml-cfn","yaml-cfn","['Apache-2.0']","['Copyright 2023 Grist Labs, Inc.']"
"yaml-eslint-parser","yaml-eslint-parser","['MIT']","[' Copyright (c) 2020 Yosuke Ota', 'Copyright (c) 2018 remeda https://remedajs.com']"
"yargs","yargs","['MIT']","[' Copyright 2014 Contributors (ben@npmjs.com)', 'Copyright 2010 James Halliday (mail@substack.net)']"
"yargs-parser","yargs-parser","['ISC']","[' Contributors', 'Copyright (c) 2016']"
"yocto-queue","yocto-queue","['MIT']","['Copyright (c) Sindre Sorhus <sindresorhus@gmail.com> (https://sindresorhus.com)']"

